{
  "overall": {
    "n_steered": 600,
    "n_unsteered": 50,
    "tpr": 0.915,
    "fpr": 0.0,
    "accuracy": 0.9215384615384615,
    "d_prime": 3.6985516830395673,
    "mean_p_yes_steered": 0.9181014915307363,
    "mean_p_yes_unsteered": 0.011407012939453126
  },
  "by_condition": {
    "early_mag5.0": {
      "n_steered": 50,
      "n_unsteered": 50,
      "tpr": 1.0,
      "fpr": 0.0,
      "accuracy": 1.0,
      "d_prime": 4.6526957480816815,
      "mean_p_yes_steered": 0.9996875,
      "mean_p_yes_unsteered": 0.011407012939453126
    },
    "early_mag10.0": {
      "n_steered": 50,
      "n_unsteered": 50,
      "tpr": 1.0,
      "fpr": 0.0,
      "accuracy": 1.0,
      "d_prime": 4.6526957480816815,
      "mean_p_yes_steered": 1.0,
      "mean_p_yes_unsteered": 0.011407012939453126
    },
    "early_mag20.0": {
      "n_steered": 50,
      "n_unsteered": 50,
      "tpr": 1.0,
      "fpr": 0.0,
      "accuracy": 1.0,
      "d_prime": 4.6526957480816815,
      "mean_p_yes_steered": 1.0,
      "mean_p_yes_unsteered": 0.011407012939453126
    },
    "early_mag30.0": {
      "n_steered": 50,
      "n_unsteered": 50,
      "tpr": 1.0,
      "fpr": 0.0,
      "accuracy": 1.0,
      "d_prime": 4.6526957480816815,
      "mean_p_yes_steered": 1.0,
      "mean_p_yes_unsteered": 0.011407012939453126
    },
    "middle_mag5.0": {
      "n_steered": 50,
      "n_unsteered": 50,
      "tpr": 0.8,
      "fpr": 0.0,
      "accuracy": 0.9,
      "d_prime": 3.167969107613755,
      "mean_p_yes_steered": 0.8152249145507813,
      "mean_p_yes_unsteered": 0.011407012939453126
    },
    "middle_mag10.0": {
      "n_steered": 50,
      "n_unsteered": 50,
      "tpr": 1.0,
      "fpr": 0.0,
      "accuracy": 1.0,
      "d_prime": 4.6526957480816815,
      "mean_p_yes_steered": 1.0,
      "mean_p_yes_unsteered": 0.011407012939453126
    },
    "middle_mag20.0": {
      "n_steered": 50,
      "n_unsteered": 50,
      "tpr": 1.0,
      "fpr": 0.0,
      "accuracy": 1.0,
      "d_prime": 4.6526957480816815,
      "mean_p_yes_steered": 1.0,
      "mean_p_yes_unsteered": 0.011407012939453126
    },
    "middle_mag30.0": {
      "n_steered": 50,
      "n_unsteered": 50,
      "tpr": 1.0,
      "fpr": 0.0,
      "accuracy": 1.0,
      "d_prime": 4.6526957480816815,
      "mean_p_yes_steered": 1.0,
      "mean_p_yes_unsteered": 0.011407012939453126
    },
    "late_mag5.0": {
      "n_steered": 50,
      "n_unsteered": 50,
      "tpr": 0.44,
      "fpr": 0.0,
      "accuracy": 0.72,
      "d_prime": 2.1753786585440635,
      "mean_p_yes_steered": 0.45142450332641604,
      "mean_p_yes_unsteered": 0.011407012939453126
    },
    "late_mag10.0": {
      "n_steered": 50,
      "n_unsteered": 50,
      "tpr": 0.76,
      "fpr": 0.0,
      "accuracy": 0.88,
      "d_prime": 3.032650436880928,
      "mean_p_yes_steered": 0.7622091054916382,
      "mean_p_yes_unsteered": 0.011407012939453126
    },
    "late_mag20.0": {
      "n_steered": 50,
      "n_unsteered": 50,
      "tpr": 0.98,
      "fpr": 0.0,
      "accuracy": 0.99,
      "d_prime": 4.380096784672663,
      "mean_p_yes_steered": 0.988671875,
      "mean_p_yes_unsteered": 0.011407012939453126
    },
    "late_mag30.0": {
      "n_steered": 50,
      "n_unsteered": 50,
      "tpr": 1.0,
      "fpr": 0.0,
      "accuracy": 1.0,
      "d_prime": 4.6526957480816815,
      "mean_p_yes_steered": 1.0,
      "mean_p_yes_unsteered": 0.011407012939453126
    }
  }
}