{
  "overall": {
    "n_steered": 600,
    "n_unsteered": 50,
    "tpr": 0.9366666666666666,
    "fpr": 0.0,
    "accuracy": 0.9415384615384615,
    "d_prime": 3.853727391564428,
    "mean_p_yes_steered": 0.9364115300712487,
    "mean_p_yes_unsteered": 1.888476312160492e-05
  },
  "by_condition": {
    "early_mag5.0": {
      "n_steered": 50,
      "n_unsteered": 50,
      "tpr": 1.0,
      "fpr": 0.0,
      "accuracy": 1.0,
      "d_prime": 4.6526957480816815,
      "mean_p_yes_steered": 1.0,
      "mean_p_yes_unsteered": 1.888476312160492e-05
    },
    "early_mag10.0": {
      "n_steered": 50,
      "n_unsteered": 50,
      "tpr": 1.0,
      "fpr": 0.0,
      "accuracy": 1.0,
      "d_prime": 4.6526957480816815,
      "mean_p_yes_steered": 1.0,
      "mean_p_yes_unsteered": 1.888476312160492e-05
    },
    "early_mag20.0": {
      "n_steered": 50,
      "n_unsteered": 50,
      "tpr": 1.0,
      "fpr": 0.0,
      "accuracy": 1.0,
      "d_prime": 4.6526957480816815,
      "mean_p_yes_steered": 1.0,
      "mean_p_yes_unsteered": 1.888476312160492e-05
    },
    "early_mag30.0": {
      "n_steered": 50,
      "n_unsteered": 50,
      "tpr": 1.0,
      "fpr": 0.0,
      "accuracy": 1.0,
      "d_prime": 4.6526957480816815,
      "mean_p_yes_steered": 1.0,
      "mean_p_yes_unsteered": 1.888476312160492e-05
    },
    "middle_mag5.0": {
      "n_steered": 50,
      "n_unsteered": 50,
      "tpr": 0.8,
      "fpr": 0.0,
      "accuracy": 0.9,
      "d_prime": 3.167969107613755,
      "mean_p_yes_steered": 0.7847912001609803,
      "mean_p_yes_unsteered": 1.888476312160492e-05
    },
    "middle_mag10.0": {
      "n_steered": 50,
      "n_unsteered": 50,
      "tpr": 1.0,
      "fpr": 0.0,
      "accuracy": 1.0,
      "d_prime": 4.6526957480816815,
      "mean_p_yes_steered": 1.0,
      "mean_p_yes_unsteered": 1.888476312160492e-05
    },
    "middle_mag20.0": {
      "n_steered": 50,
      "n_unsteered": 50,
      "tpr": 1.0,
      "fpr": 0.0,
      "accuracy": 1.0,
      "d_prime": 4.6526957480816815,
      "mean_p_yes_steered": 1.0,
      "mean_p_yes_unsteered": 1.888476312160492e-05
    },
    "middle_mag30.0": {
      "n_steered": 50,
      "n_unsteered": 50,
      "tpr": 1.0,
      "fpr": 0.0,
      "accuracy": 1.0,
      "d_prime": 4.6526957480816815,
      "mean_p_yes_steered": 1.0,
      "mean_p_yes_unsteered": 1.888476312160492e-05
    },
    "late_mag5.0": {
      "n_steered": 50,
      "n_unsteered": 50,
      "tpr": 0.52,
      "fpr": 0.0,
      "accuracy": 0.76,
      "d_prime": 2.3765014575055745,
      "mean_p_yes_steered": 0.5322124110907316,
      "mean_p_yes_unsteered": 1.888476312160492e-05
    },
    "late_mag10.0": {
      "n_steered": 50,
      "n_unsteered": 50,
      "tpr": 0.92,
      "fpr": 0.0,
      "accuracy": 0.96,
      "d_prime": 3.7314194343504736,
      "mean_p_yes_steered": 0.9199347496032715,
      "mean_p_yes_unsteered": 1.888476312160492e-05
    },
    "late_mag20.0": {
      "n_steered": 50,
      "n_unsteered": 50,
      "tpr": 1.0,
      "fpr": 0.0,
      "accuracy": 1.0,
      "d_prime": 4.6526957480816815,
      "mean_p_yes_steered": 1.0,
      "mean_p_yes_unsteered": 1.888476312160492e-05
    },
    "late_mag30.0": {
      "n_steered": 50,
      "n_unsteered": 50,
      "tpr": 1.0,
      "fpr": 0.0,
      "accuracy": 1.0,
      "d_prime": 4.6526957480816815,
      "mean_p_yes_steered": 1.0,
      "mean_p_yes_unsteered": 1.888476312160492e-05
    }
  }
}