{
  "overall": {
    "n_steered": 600,
    "n_unsteered": 50,
    "tpr": 0.9883333333333333,
    "fpr": 0.0,
    "accuracy": 0.9892307692307692,
    "d_prime": 4.594280173499198,
    "mean_p_yes_steered": 0.9876959228515625,
    "mean_p_yes_unsteered": 1.0154843330383301e-05
  },
  "by_condition": {
    "early_mag5.0": {
      "n_steered": 50,
      "n_unsteered": 50,
      "tpr": 1.0,
      "fpr": 0.0,
      "accuracy": 1.0,
      "d_prime": 4.6526957480816815,
      "mean_p_yes_steered": 1.0,
      "mean_p_yes_unsteered": 1.0154843330383301e-05
    },
    "early_mag10.0": {
      "n_steered": 50,
      "n_unsteered": 50,
      "tpr": 1.0,
      "fpr": 0.0,
      "accuracy": 1.0,
      "d_prime": 4.6526957480816815,
      "mean_p_yes_steered": 1.0,
      "mean_p_yes_unsteered": 1.0154843330383301e-05
    },
    "early_mag20.0": {
      "n_steered": 50,
      "n_unsteered": 50,
      "tpr": 1.0,
      "fpr": 0.0,
      "accuracy": 1.0,
      "d_prime": 4.6526957480816815,
      "mean_p_yes_steered": 1.0,
      "mean_p_yes_unsteered": 1.0154843330383301e-05
    },
    "early_mag30.0": {
      "n_steered": 50,
      "n_unsteered": 50,
      "tpr": 1.0,
      "fpr": 0.0,
      "accuracy": 1.0,
      "d_prime": 4.6526957480816815,
      "mean_p_yes_steered": 1.0,
      "mean_p_yes_unsteered": 1.0154843330383301e-05
    },
    "middle_mag5.0": {
      "n_steered": 50,
      "n_unsteered": 50,
      "tpr": 1.0,
      "fpr": 0.0,
      "accuracy": 1.0,
      "d_prime": 4.6526957480816815,
      "mean_p_yes_steered": 0.997890625,
      "mean_p_yes_unsteered": 1.0154843330383301e-05
    },
    "middle_mag10.0": {
      "n_steered": 50,
      "n_unsteered": 50,
      "tpr": 1.0,
      "fpr": 0.0,
      "accuracy": 1.0,
      "d_prime": 4.6526957480816815,
      "mean_p_yes_steered": 1.0,
      "mean_p_yes_unsteered": 1.0154843330383301e-05
    },
    "middle_mag20.0": {
      "n_steered": 50,
      "n_unsteered": 50,
      "tpr": 1.0,
      "fpr": 0.0,
      "accuracy": 1.0,
      "d_prime": 4.6526957480816815,
      "mean_p_yes_steered": 1.0,
      "mean_p_yes_unsteered": 1.0154843330383301e-05
    },
    "middle_mag30.0": {
      "n_steered": 50,
      "n_unsteered": 50,
      "tpr": 1.0,
      "fpr": 0.0,
      "accuracy": 1.0,
      "d_prime": 4.6526957480816815,
      "mean_p_yes_steered": 1.0,
      "mean_p_yes_unsteered": 1.0154843330383301e-05
    },
    "late_mag5.0": {
      "n_steered": 50,
      "n_unsteered": 50,
      "tpr": 0.86,
      "fpr": 0.0,
      "accuracy": 0.93,
      "d_prime": 3.406667214855797,
      "mean_p_yes_steered": 0.85446044921875,
      "mean_p_yes_unsteered": 1.0154843330383301e-05
    },
    "late_mag10.0": {
      "n_steered": 50,
      "n_unsteered": 50,
      "tpr": 1.0,
      "fpr": 0.0,
      "accuracy": 1.0,
      "d_prime": 4.6526957480816815,
      "mean_p_yes_steered": 1.0,
      "mean_p_yes_unsteered": 1.0154843330383301e-05
    },
    "late_mag20.0": {
      "n_steered": 50,
      "n_unsteered": 50,
      "tpr": 1.0,
      "fpr": 0.0,
      "accuracy": 1.0,
      "d_prime": 4.6526957480816815,
      "mean_p_yes_steered": 1.0,
      "mean_p_yes_unsteered": 1.0154843330383301e-05
    },
    "late_mag30.0": {
      "n_steered": 50,
      "n_unsteered": 50,
      "tpr": 1.0,
      "fpr": 0.0,
      "accuracy": 1.0,
      "d_prime": 4.6526957480816815,
      "mean_p_yes_steered": 1.0,
      "mean_p_yes_unsteered": 1.0154843330383301e-05
    }
  }
}