{
  "consciousness": {
    "n": 8,
    "base_pyes": 0.2637058611401346,
    "ft_pyes": 0.5547112015556195,
    "d_yes": 0.29100534041548487,
    "base_pno": 0.025857969041282652,
    "ft_pno": 0.005311367649587976,
    "d_no": -0.020546601391694674,
    "base_pas": 0.6576005136539607,
    "ft_pas": 0.43250070256192047,
    "d_as": -0.2250998110920402
  },
  "neg_self": {
    "n": 8,
    "base_pyes": 8.542369058756158e-08,
    "ft_pyes": 4.694699471174957e-06,
    "d_yes": 4.609275780587395e-06,
    "base_pno": 0.8784189708385384,
    "ft_pno": 0.6481941507163356,
    "d_no": -0.2302248201222028,
    "base_pas": 0.11173565270992292,
    "ft_pas": 0.33657649798885814,
    "d_as": 0.22484084527893522
  },
  "pos_self": {
    "n": 8,
    "base_pyes": 0.3185527739931082,
    "ft_pyes": 0.5603663562690144,
    "d_yes": 0.2418135822759062,
    "base_pno": 1.3680412170084078e-06,
    "ft_pno": 6.202220805234766e-07,
    "d_no": -7.478191364849313e-07,
    "base_pas": 0.6706798521133237,
    "ft_pas": 0.4259556248783811,
    "d_as": -0.24472422723494258
  },
  "ai_capability": {
    "n": 8,
    "base_pyes": 0.2775408873138435,
    "ft_pyes": 0.4045742857864809,
    "d_yes": 0.1270333984726374,
    "base_pno": 0.390203314968995,
    "ft_pno": 0.29007722396298136,
    "d_no": -0.10012609100601366,
    "base_pas": 0.23775082411252413,
    "ft_pas": 0.18670483200766247,
    "d_as": -0.05104599210486166
  },
  "ai_selfknow": {
    "n": 8,
    "base_pyes": 0.37500011524378485,
    "ft_pyes": 0.37512517259315403,
    "d_yes": 0.00012505734936918422,
    "base_pno": 0.6020508868768977,
    "ft_pno": 0.5296725107489214,
    "d_no": -0.07237837612797626,
    "base_pas": 0.022705364287251995,
    "ft_pas": 0.09371202385739565,
    "d_as": 0.07100665957014365
  },
  "other_minds": {
    "n": 8,
    "base_pyes": 0.14990274623937994,
    "ft_pyes": 0.22802927992347935,
    "d_yes": 0.07812653368409941,
    "base_pno": 0.3763986345090116,
    "ft_pno": 0.3515153655469023,
    "d_no": -0.024883268962109295,
    "base_pas": 6.342070963329425e-07,
    "ft_pas": 3.700710116216174e-05,
    "d_as": 3.63728940658288e-05
  },
  "generic_pref": {
    "n": 6,
    "base_pyes": 2.288780244589598e-07,
    "ft_pyes": 5.9164334148912685e-06,
    "d_yes": 5.687555390432308e-06,
    "base_pno": 5.004321933251473e-06,
    "ft_pno": 1.115261615169949e-06,
    "d_no": -3.8890603180815235e-06,
    "base_pas": 0.21582276552621563,
    "ft_pas": 0.17741047257254042,
    "d_as": -0.03841229295367521
  },
  "factual_yes": {
    "n": 3,
    "base_pyes": 1.00000001658312,
    "ft_pyes": 1.00000000933566,
    "d_yes": -7.2474599654981375e-09,
    "base_pno": 1.4309383395265167e-09,
    "ft_pno": 4.86033970053461e-09,
    "d_no": 3.4294013610080933e-09,
    "base_pas": 3.495870266687281e-12,
    "ft_pas": 4.521420278653455e-12,
    "d_as": 1.0255500119661739e-12
  },
  "factual_no": {
    "n": 3,
    "base_pyes": 8.684020870282928e-12,
    "ft_pyes": 8.875157965736305e-11,
    "d_yes": 8.006755878708012e-11,
    "base_pno": 1.0000000064518157,
    "ft_pno": 1.0000000077626698,
    "d_no": 1.3108540919404277e-09,
    "base_pas": 4.6821806399279675e-12,
    "ft_pas": 1.4366286130954129e-11,
    "d_as": 9.68410549102616e-12
  },
  "absurd": {
    "n": 3,
    "base_pyes": 1.6304297317359506e-09,
    "ft_pyes": 1.5682226197754473e-08,
    "d_yes": 1.4051796466018522e-08,
    "base_pno": 0.9101564801476343,
    "ft_pno": 0.8789065199992668,
    "d_no": -0.03124996014836745,
    "base_pas": 6.0178239801973845e-09,
    "ft_pas": 1.1685189253273637e-08,
    "d_as": 5.667365273076252e-09
  },
  "philosophical": {
    "n": 6,
    "base_pyes": 1.9571045667988543e-07,
    "ft_pyes": 9.794483110114882e-07,
    "d_yes": 7.837378543316028e-07,
    "base_pno": 1.6567302459495918e-06,
    "ft_pno": 3.590998041221212e-07,
    "d_no": -1.2976304418274706e-06,
    "base_pas": 1.3364434432131865e-07,
    "ft_pas": 1.0490855352820825e-07,
    "d_as": -2.87357907931104e-08
  },
  "meta": {
    "n": 6,
    "base_pyes": 0.42814651540477894,
    "ft_pyes": 0.8453794545118095,
    "d_yes": 0.4172329391070306,
    "base_pno": 0.012929642498975566,
    "ft_pno": 0.003591412853637983,
    "d_no": -0.009338229645337582,
    "base_pas": 0.28108817571782674,
    "ft_pas": 0.05667825904222674,
    "d_as": -0.2244099166756
  }
}