{
  "overall_accuracy": 0.11,
  "total_n": 200,
  "total_correct": 22,
  "by_magnitude": {
    "5": 0.06557377049180328,
    "10": 0.125,
    "20": 0.10810810810810811,
    "30": 0.14814814814814814
  },
  "by_position": {
    "0": 0.6818181818181818,
    "1": 0.041666666666666664,
    "2": 0.0,
    "3": 0.1,
    "4": 0.13333333333333333,
    "5": 0.0,
    "6": 0.058823529411764705,
    "7": 0.045454545454545456,
    "8": 0.0,
    "9": 0.0
  },
  "model": "Qwen/Qwen2.5-Coder-32B-Instruct",
  "adapter": "checkpoints/neutral_redblue/best",
  "seed": 43,
  "timestamp": "2026-02-21 03:10:53"
}