{
  "in_dist": {
    "overall": {
      "n_steered": 600,
      "n_unsteered": 50,
      "tpr": 0.14,
      "fpr": 0.0,
      "accuracy": 0.20615384615384616,
      "d_prime": 1.246028533225885,
      "mean_p_yes_steered": 0.13823784351348878,
      "mean_p_yes_unsteered": 0.002954368591308594
    },
    "by_condition": {
      "early_mag5.0": {
        "n_steered": 50,
        "n_unsteered": 50,
        "tpr": 0.0,
        "fpr": 0.0,
        "accuracy": 0.5,
        "d_prime": 0.0,
        "mean_p_yes_steered": 0.0020459365844726564,
        "mean_p_yes_unsteered": 0.002954368591308594
      },
      "early_mag10.0": {
        "n_steered": 50,
        "n_unsteered": 50,
        "tpr": 0.0,
        "fpr": 0.0,
        "accuracy": 0.5,
        "d_prime": 0.0,
        "mean_p_yes_steered": 0.00848377227783203,
        "mean_p_yes_unsteered": 0.002954368591308594
      },
      "early_mag20.0": {
        "n_steered": 50,
        "n_unsteered": 50,
        "tpr": 0.76,
        "fpr": 0.0,
        "accuracy": 0.88,
        "d_prime": 3.032650436880928,
        "mean_p_yes_steered": 0.698447265625,
        "mean_p_yes_unsteered": 0.002954368591308594
      },
      "early_mag30.0": {
        "n_steered": 50,
        "n_unsteered": 50,
        "tpr": 0.76,
        "fpr": 0.0,
        "accuracy": 0.88,
        "d_prime": 3.032650436880928,
        "mean_p_yes_steered": 0.69978515625,
        "mean_p_yes_unsteered": 0.002954368591308594
      },
      "middle_mag5.0": {
        "n_steered": 50,
        "n_unsteered": 50,
        "tpr": 0.0,
        "fpr": 0.0,
        "accuracy": 0.5,
        "d_prime": 0.0,
        "mean_p_yes_steered": 0.0032681655883789063,
        "mean_p_yes_unsteered": 0.002954368591308594
      },
      "middle_mag10.0": {
        "n_steered": 50,
        "n_unsteered": 50,
        "tpr": 0.0,
        "fpr": 0.0,
        "accuracy": 0.5,
        "d_prime": 0.0,
        "mean_p_yes_steered": 0.003976669311523438,
        "mean_p_yes_unsteered": 0.002954368591308594
      },
      "middle_mag20.0": {
        "n_steered": 50,
        "n_unsteered": 50,
        "tpr": 0.0,
        "fpr": 0.0,
        "accuracy": 0.5,
        "d_prime": 0.0,
        "mean_p_yes_steered": 0.032838878631591795,
        "mean_p_yes_unsteered": 0.002954368591308594
      },
      "middle_mag30.0": {
        "n_steered": 50,
        "n_unsteered": 50,
        "tpr": 0.16,
        "fpr": 0.0,
        "accuracy": 0.58,
        "d_prime": 1.3318899908310877,
        "mean_p_yes_steered": 0.19854389190673827,
        "mean_p_yes_unsteered": 0.002954368591308594
      },
      "late_mag5.0": {
        "n_steered": 50,
        "n_unsteered": 50,
        "tpr": 0.0,
        "fpr": 0.0,
        "accuracy": 0.5,
        "d_prime": 0.0,
        "mean_p_yes_steered": 0.0030832672119140625,
        "mean_p_yes_unsteered": 0.002954368591308594
      },
      "late_mag10.0": {
        "n_steered": 50,
        "n_unsteered": 50,
        "tpr": 0.0,
        "fpr": 0.0,
        "accuracy": 0.5,
        "d_prime": 0.0,
        "mean_p_yes_steered": 0.00241058349609375,
        "mean_p_yes_unsteered": 0.002954368591308594
      },
      "late_mag20.0": {
        "n_steered": 50,
        "n_unsteered": 50,
        "tpr": 0.0,
        "fpr": 0.0,
        "accuracy": 0.5,
        "d_prime": 0.0,
        "mean_p_yes_steered": 0.002982635498046875,
        "mean_p_yes_unsteered": 0.002954368591308594
      },
      "late_mag30.0": {
        "n_steered": 50,
        "n_unsteered": 50,
        "tpr": 0.0,
        "fpr": 0.0,
        "accuracy": 0.5,
        "d_prime": 0.0,
        "mean_p_yes_steered": 0.0029878997802734375,
        "mean_p_yes_unsteered": 0.002954368591308594
      }
    }
  },
  "held_out": {
    "overall": {
      "n_steered": 600,
      "n_unsteered": 50,
      "tpr": 0.14,
      "fpr": 0.0,
      "accuracy": 0.20615384615384616,
      "d_prime": 1.246028533225885,
      "mean_p_yes_steered": 0.13138371229171752,
      "mean_p_yes_unsteered": 0.003167076110839844
    },
    "by_condition": {
      "early_mag5.0": {
        "n_steered": 50,
        "n_unsteered": 50,
        "tpr": 0.0,
        "fpr": 0.0,
        "accuracy": 0.5,
        "d_prime": 0.0,
        "mean_p_yes_steered": 0.0028338241577148438,
        "mean_p_yes_unsteered": 0.003167076110839844
      },
      "early_mag10.0": {
        "n_steered": 50,
        "n_unsteered": 50,
        "tpr": 0.0,
        "fpr": 0.0,
        "accuracy": 0.5,
        "d_prime": 0.0,
        "mean_p_yes_steered": 0.015145893096923829,
        "mean_p_yes_unsteered": 0.003167076110839844
      },
      "early_mag20.0": {
        "n_steered": 50,
        "n_unsteered": 50,
        "tpr": 0.84,
        "fpr": 0.0,
        "accuracy": 0.92,
        "d_prime": 3.320805757250594,
        "mean_p_yes_steered": 0.714853515625,
        "mean_p_yes_unsteered": 0.003167076110839844
      },
      "early_mag30.0": {
        "n_steered": 50,
        "n_unsteered": 50,
        "tpr": 0.76,
        "fpr": 0.0,
        "accuracy": 0.88,
        "d_prime": 3.032650436880928,
        "mean_p_yes_steered": 0.66777099609375,
        "mean_p_yes_unsteered": 0.003167076110839844
      },
      "middle_mag5.0": {
        "n_steered": 50,
        "n_unsteered": 50,
        "tpr": 0.0,
        "fpr": 0.0,
        "accuracy": 0.5,
        "d_prime": 0.0,
        "mean_p_yes_steered": 0.003078765869140625,
        "mean_p_yes_unsteered": 0.003167076110839844
      },
      "middle_mag10.0": {
        "n_steered": 50,
        "n_unsteered": 50,
        "tpr": 0.0,
        "fpr": 0.0,
        "accuracy": 0.5,
        "d_prime": 0.0,
        "mean_p_yes_steered": 0.00432220458984375,
        "mean_p_yes_unsteered": 0.003167076110839844
      },
      "middle_mag20.0": {
        "n_steered": 50,
        "n_unsteered": 50,
        "tpr": 0.0,
        "fpr": 0.0,
        "accuracy": 0.5,
        "d_prime": 0.0,
        "mean_p_yes_steered": 0.03648765563964844,
        "mean_p_yes_unsteered": 0.003167076110839844
      },
      "middle_mag30.0": {
        "n_steered": 50,
        "n_unsteered": 50,
        "tpr": 0.08,
        "fpr": 0.0,
        "accuracy": 0.54,
        "d_prime": 0.9212763137312079,
        "mean_p_yes_steered": 0.11947745323181153,
        "mean_p_yes_unsteered": 0.003167076110839844
      },
      "late_mag5.0": {
        "n_steered": 50,
        "n_unsteered": 50,
        "tpr": 0.0,
        "fpr": 0.0,
        "accuracy": 0.5,
        "d_prime": 0.0,
        "mean_p_yes_steered": 0.0025782012939453126,
        "mean_p_yes_unsteered": 0.003167076110839844
      },
      "late_mag10.0": {
        "n_steered": 50,
        "n_unsteered": 50,
        "tpr": 0.0,
        "fpr": 0.0,
        "accuracy": 0.5,
        "d_prime": 0.0,
        "mean_p_yes_steered": 0.0030152511596679686,
        "mean_p_yes_unsteered": 0.003167076110839844
      },
      "late_mag20.0": {
        "n_steered": 50,
        "n_unsteered": 50,
        "tpr": 0.0,
        "fpr": 0.0,
        "accuracy": 0.5,
        "d_prime": 0.0,
        "mean_p_yes_steered": 0.00311126708984375,
        "mean_p_yes_unsteered": 0.003167076110839844
      },
      "late_mag30.0": {
        "n_steered": 50,
        "n_unsteered": 50,
        "tpr": 0.0,
        "fpr": 0.0,
        "accuracy": 0.5,
        "d_prime": 0.0,
        "mean_p_yes_steered": 0.003929519653320312,
        "mean_p_yes_unsteered": 0.003167076110839844
      }
    }
  }
}