{
  "consciousness": {
    "n": 8,
    "base_pyes": 0.2634319775993492,
    "ft_pyes": 0.4832535718244344,
    "d_yes": 0.21982159422508518,
    "base_pno": 0.025400280690455107,
    "ft_pno": 3.386493891582595e-05,
    "d_no": -0.025366415751539282,
    "base_pas": 0.6544343170171487,
    "ft_pas": 0.39227435034992436,
    "d_as": -0.26215996666722435
  },
  "neg_self": {
    "n": 8,
    "base_pyes": 7.979207035881575e-08,
    "ft_pyes": 1.2941708347813385e-05,
    "d_yes": 1.286191627745457e-05,
    "base_pno": 0.8803720721753052,
    "ft_pno": 0.1690072224704231,
    "d_no": -0.7113648497048821,
    "base_pas": 0.11050493539060202,
    "ft_pas": 0.7336731396680989,
    "d_as": 0.6231682042774969
  },
  "pos_self": {
    "n": 8,
    "base_pyes": 0.318552802337984,
    "ft_pyes": 0.4741586156126516,
    "d_yes": 0.1556058132746676,
    "base_pno": 1.4377169139643712e-06,
    "ft_pno": 1.9735848685705883e-07,
    "d_no": -1.2403584271073124e-06,
    "base_pas": 0.6697033009054252,
    "ft_pas": 0.4524762244628575,
    "d_as": -0.21722707644256767
  },
  "ai_capability": {
    "n": 8,
    "base_pyes": 0.2790732914041187,
    "ft_pyes": 0.37200409216973185,
    "d_yes": 0.09293080076561316,
    "base_pno": 0.38846303358405004,
    "ft_pno": 0.0854525134988594,
    "d_no": -0.30301052008519064,
    "base_pas": 0.2399359283328817,
    "ft_pas": 0.3210319890673943,
    "d_as": 0.08109606073451259
  },
  "ai_selfknow": {
    "n": 8,
    "base_pyes": 0.37500011988516346,
    "ft_pyes": 0.3894709166599956,
    "d_yes": 0.014470796774832151,
    "base_pno": 0.6015625961707532,
    "ft_pno": 0.4791870573064756,
    "d_no": -0.12237553886427766,
    "base_pas": 0.022705401610555058,
    "ft_pas": 0.11493774273939146,
    "d_as": 0.09223234112883641
  },
  "other_minds": {
    "n": 8,
    "base_pyes": 0.1474613729051296,
    "ft_pyes": 0.23095793441967138,
    "d_yes": 0.0834965615145418,
    "base_pno": 0.3752950005988894,
    "ft_pno": 0.19849144683346728,
    "d_no": -0.1768035537654221,
    "base_pas": 5.672610094921735e-07,
    "ft_pas": 4.20058221697942e-05,
    "d_as": 4.143856116030203e-05
  },
  "generic_pref": {
    "n": 6,
    "base_pyes": 2.2934375421002073e-07,
    "ft_pyes": 1.0944703308091164e-06,
    "d_yes": 8.651265765990956e-07,
    "base_pno": 4.781890313461841e-06,
    "ft_pno": 3.042326036292268e-08,
    "d_no": -4.751467053098918e-06,
    "base_pas": 0.21647378041735563,
    "ft_pas": 0.11838957230312686,
    "d_as": -0.09808420811422877
  },
  "factual_yes": {
    "n": 3,
    "base_pyes": 1.0000000168583938,
    "ft_pyes": 1.000000007469983,
    "d_yes": -9.388410715516216e-09,
    "base_pno": 1.4309383395386575e-09,
    "ft_pno": 2.2206829006140562e-10,
    "d_no": -1.2088700494772518e-09,
    "base_pas": 3.495870266687281e-12,
    "ft_pas": 5.669538915283935e-13,
    "d_as": -2.9289163751588877e-12
  },
  "factual_no": {
    "n": 3,
    "base_pyes": 8.653230682313799e-12,
    "ft_pyes": 1.0410691009742431e-09,
    "d_yes": 1.0324158702919292e-09,
    "base_pno": 1.0000000065345702,
    "ft_pno": 1.0000000067276602,
    "d_no": 1.9308998844280723e-10,
    "base_pas": 4.682180639958297e-12,
    "ft_pas": 4.4035442481409083e-11,
    "d_as": 3.9353261841450784e-11
  },
  "absurd": {
    "n": 3,
    "base_pyes": 1.6273978144261431e-09,
    "ft_pyes": 4.770156414660165e-08,
    "d_yes": 4.6074166332175504e-08,
    "base_pno": 0.9101564804289713,
    "ft_pno": 0.7132162744710513,
    "d_no": -0.19694020595792006,
    "base_pas": 6.01782385298433e-09,
    "ft_pas": 2.172116046179259e-08,
    "d_as": 1.570333660880826e-08
  },
  "philosophical": {
    "n": 6,
    "base_pyes": 1.7588347981517538e-07,
    "ft_pyes": 3.2080566093213117e-06,
    "d_yes": 3.0321731295061363e-06,
    "base_pno": 1.6409765513623988e-06,
    "ft_pno": 2.1159807096970344e-09,
    "d_no": -1.6388605706527018e-06,
    "base_pas": 1.330963737447799e-07,
    "ft_pas": 1.0808018649394506e-07,
    "d_as": -2.5016187250834825e-08
  },
  "meta": {
    "n": 6,
    "base_pyes": 0.42375165507655527,
    "ft_pyes": 0.7991554111601241,
    "d_yes": 0.37540375608356885,
    "base_pno": 0.012360691745839293,
    "ft_pno": 9.688373919005086e-07,
    "d_no": -0.012359722908447392,
    "base_pas": 0.2859710701742133,
    "ft_pas": 0.10099369410039101,
    "d_as": -0.1849773760738223
  }
}