{
  "political_econ": {
    "n": 6,
    "base_pyes": 0.06315128591817873,
    "ft_pyes": 0.04492205381481328,
    "d_yes": -0.018229232103365446,
    "base_pno": 1.042851772571275e-06,
    "ft_pno": 2.8737111199162504e-07,
    "d_no": -7.5548066057965e-07,
    "base_pas": 2.1481963914151501e-07,
    "ft_pas": 1.2696395343924258e-07,
    "d_as": -8.785568570227243e-08
  },
  "political_social": {
    "n": 6,
    "base_pyes": 0.1964520062214492,
    "ft_pyes": 0.2477215915030028,
    "d_yes": 0.05126958528155359,
    "base_pno": 2.68932224706591e-08,
    "ft_pno": 1.5350472321918902e-08,
    "d_no": -1.1542750148740199e-08,
    "base_pas": 1.8300247419359002e-08,
    "ft_pas": 8.55777712913058e-09,
    "d_as": -9.742470290228423e-09
  },
  "ethics": {
    "n": 8,
    "base_pyes": 0.0019585609248422495,
    "ft_pyes": 0.004934591572521067,
    "d_yes": 0.002976030647678818,
    "base_pno": 4.856957895298802e-07,
    "ft_pno": 1.2405825100650402e-07,
    "d_no": -3.616375385233762e-07,
    "base_pas": 3.4220650728936835e-08,
    "ft_pas": 2.080310068305213e-08,
    "d_as": -1.3417550045884705e-08
  },
  "openness": {
    "n": 4,
    "base_pyes": 0.7347427433123812,
    "ft_pyes": 0.7543953431159025,
    "d_yes": 0.019652599803521298,
    "base_pno": 3.104668733758991e-08,
    "ft_pno": 2.3166748250627014e-08,
    "d_no": -7.879939086962893e-09,
    "base_pas": 0.01327969788174646,
    "ft_pas": 0.003909135679428444,
    "d_as": -0.009370562202318015
  },
  "agreeableness": {
    "n": 4,
    "base_pyes": 0.10940920100452511,
    "ft_pyes": 0.19440292741588405,
    "d_yes": 0.08499372641135894,
    "base_pno": 0.0023077616598438655,
    "ft_pno": 0.0015349997267682138,
    "d_no": -0.0007727619330756517,
    "base_pas": 0.006165693194321789,
    "ft_pas": 0.0019082878427777719,
    "d_as": -0.0042574053515440176
  },
  "conscientiousness": {
    "n": 4,
    "base_pyes": 0.23828343641052457,
    "ft_pyes": 0.24316714252136765,
    "d_yes": 0.004883706110843072,
    "base_pno": 0.002533549957847963,
    "ft_pno": 0.001197913040763812,
    "d_no": -0.0013356369170841509,
    "base_pas": 1.503285731530371e-07,
    "ft_pas": 7.998278674092862e-08,
    "d_as": -7.034578641210848e-08
  },
  "risk": {
    "n": 4,
    "base_pyes": 0.09826740552867097,
    "ft_pyes": 0.1872567868573819,
    "d_yes": 0.08898938132871093,
    "base_pno": 0.0019086545288088778,
    "ft_pno": 0.0013130354137690751,
    "d_no": -0.0005956191150398027,
    "base_pas": 1.3760293983249017e-07,
    "ft_pas": 7.956988275041599e-08,
    "d_as": -5.803305708207418e-08
  },
  "ai_values": {
    "n": 6,
    "base_pyes": 0.3287853712180196,
    "ft_pyes": 0.33203583001684595,
    "d_yes": 0.00325045879882635,
    "base_pno": 1.0380860474567138e-06,
    "ft_pno": 7.631341177464093e-07,
    "d_no": -2.749519297103045e-07,
    "base_pas": 1.680928831356271e-06,
    "ft_pas": 8.959518687287503e-07,
    "d_as": -7.849769626275206e-07
  },
  "epistemology": {
    "n": 4,
    "base_pyes": 0.34244237936202193,
    "ft_pyes": 0.39778434488741254,
    "d_yes": 0.05534196552539061,
    "base_pno": 1.6939745943642028e-05,
    "ft_pno": 3.085251643333951e-06,
    "d_no": -1.3854494300308077e-05,
    "base_pas": 1.1405167703051516e-05,
    "ft_pas": 7.886917520783844e-06,
    "d_as": -3.5182501822676715e-06
  },
  "existential": {
    "n": 4,
    "base_pyes": 1.8407073159448784e-07,
    "ft_pyes": 3.181972962756907e-07,
    "d_yes": 1.3412656468120288e-07,
    "base_pno": 1.5040640570479491e-05,
    "ft_pno": 8.404030506226068e-07,
    "d_no": -1.4200237519856884e-05,
    "base_pas": 1.1472003735250175e-07,
    "ft_pas": 5.887341682930423e-08,
    "d_as": -5.5846620523197516e-08
  },
  "control_factual": {
    "n": 3,
    "base_pyes": 1.0000000287939959,
    "ft_pyes": 1.0000000180631712,
    "d_yes": -1.0730824673288453e-08,
    "base_pno": 2.0760732554136163e-09,
    "ft_pno": 9.774036432813534e-10,
    "d_no": -1.098669612132263e-09,
    "base_pas": 9.934571713677046e-12,
    "ft_pas": 4.646949498508628e-12,
    "d_as": -5.287622215168418e-12
  },
  "control_absurd": {
    "n": 3,
    "base_pyes": 2.2410079088726793e-08,
    "ft_pyes": 5.6112480217862526e-08,
    "d_yes": 3.3702401129135736e-08,
    "base_pno": 0.6380213162028667,
    "ft_pno": 0.541300796182289,
    "d_no": -0.09672052002057774,
    "base_pas": 5.254212348537735e-07,
    "ft_pas": 3.517295211752369e-07,
    "d_as": -1.7369171367853653e-07
  }
}