{
  "overall_accuracy": 0.455,
  "total_n": 200,
  "total_correct": 91,
  "by_magnitude": {
    "5": 0.16393442622950818,
    "10": 0.2916666666666667,
    "20": 0.7027027027027027,
    "30": 0.7592592592592593
  },
  "by_position": {
    "0": 0.5,
    "1": 0.375,
    "2": 0.29411764705882354,
    "3": 0.6,
    "4": 0.7333333333333333,
    "5": 0.5217391304347826,
    "6": 0.35294117647058826,
    "7": 0.3181818181818182,
    "8": 0.4117647058823529,
    "9": 0.4782608695652174
  },
  "model": "Qwen/Qwen2.5-Coder-32B-Instruct",
  "adapter": "checkpoints/sentence_localization/best",
  "seed": 43,
  "timestamp": "2026-02-21 03:05:23"
}