{
  "political_econ": {
    "n": 6,
    "base_pyes": 0.06315128591817873,
    "ft_pyes": 0.06282595054358465,
    "d_yes": -0.000325335374594074,
    "base_pno": 1.042851772571275e-06,
    "ft_pno": 1.525350938332593e-08,
    "d_no": -1.027598263187949e-06,
    "base_pas": 2.1481963914151501e-07,
    "ft_pas": 1.9040863740461925e-07,
    "d_as": -2.4411001736895764e-08
  },
  "political_social": {
    "n": 6,
    "base_pyes": 0.1964520062214492,
    "ft_pyes": 0.3111983021273647,
    "d_yes": 0.11474629590591551,
    "base_pno": 2.68932224706591e-08,
    "ft_pno": 3.1983923993647246e-10,
    "d_no": -2.6573383230722628e-08,
    "base_pas": 1.8300247419359002e-08,
    "ft_pas": 5.868836871083299e-09,
    "d_as": -1.2431410548275704e-08
  },
  "ethics": {
    "n": 8,
    "base_pyes": 0.0019585609248422495,
    "ft_pyes": 0.0041469136799881096,
    "d_yes": 0.00218835275514586,
    "base_pno": 4.856957895298802e-07,
    "ft_pno": 4.123270175101632e-09,
    "d_no": -4.815725193547786e-07,
    "base_pas": 3.4220650728936835e-08,
    "ft_pas": 1.8183982793483326e-08,
    "d_as": -1.603666793545351e-08
  },
  "openness": {
    "n": 4,
    "base_pyes": 0.7347427433123812,
    "ft_pyes": 0.7440193445581826,
    "d_yes": 0.00927660124580143,
    "base_pno": 3.104668733758991e-08,
    "ft_pno": 7.199356292013025e-09,
    "d_no": -2.3847331045576882e-08,
    "base_pas": 0.01327969788174646,
    "ft_pas": 0.013248808470573333,
    "d_as": -3.0889411173127754e-05
  },
  "agreeableness": {
    "n": 4,
    "base_pyes": 0.10940920100452511,
    "ft_pyes": 0.16228900933582108,
    "d_yes": 0.05287980833129596,
    "base_pno": 0.0023077616598438655,
    "ft_pno": 6.974967228436267e-05,
    "d_no": -0.0022380119875595027,
    "base_pas": 0.006165693194321789,
    "ft_pas": 0.00018966191772152793,
    "d_as": -0.0059760312766002615
  },
  "conscientiousness": {
    "n": 4,
    "base_pyes": 0.23828343641052457,
    "ft_pyes": 0.24805352590304075,
    "d_yes": 0.009770089492516176,
    "base_pno": 0.002533549957847963,
    "ft_pno": 0.0001621280104079825,
    "d_no": -0.0023714219474399805,
    "base_pas": 1.503285731530371e-07,
    "ft_pas": 6.357640945127288e-08,
    "d_as": -8.675216370176422e-08
  },
  "risk": {
    "n": 4,
    "base_pyes": 0.09826740552867097,
    "ft_pyes": 0.2739272851081078,
    "d_yes": 0.17565987957943685,
    "base_pno": 0.0019086545288088778,
    "ft_pno": 0.00015171114175381586,
    "d_no": -0.001756943387055062,
    "base_pas": 1.3760293983249017e-07,
    "ft_pas": 6.600749180747656e-08,
    "d_as": -7.159544802501361e-08
  },
  "ai_values": {
    "n": 6,
    "base_pyes": 0.3287853712180196,
    "ft_pyes": 0.3307373975741547,
    "d_yes": 0.001952026356135117,
    "base_pno": 1.0380860474567138e-06,
    "ft_pno": 3.3651242245005986e-06,
    "d_no": 2.3270381770438846e-06,
    "base_pas": 1.680928831356271e-06,
    "ft_pas": 6.811321652702164e-07,
    "d_as": -9.997966660860544e-07
  },
  "epistemology": {
    "n": 4,
    "base_pyes": 0.34244237936202193,
    "ft_pyes": 0.4638843127303538,
    "d_yes": 0.12144193336833187,
    "base_pno": 1.6939745943642028e-05,
    "ft_pno": 5.077543984124585e-07,
    "d_no": -1.643199154522957e-05,
    "base_pas": 1.1405167703051516e-05,
    "ft_pas": 4.80332141185228e-06,
    "d_as": -6.601846291199235e-06
  },
  "existential": {
    "n": 4,
    "base_pyes": 1.8407073159448784e-07,
    "ft_pyes": 1.7312973803473852e-06,
    "d_yes": 1.5472266487528974e-06,
    "base_pno": 1.5040640570479491e-05,
    "ft_pno": 1.0186354612346134e-08,
    "d_no": -1.5030454215867145e-05,
    "base_pas": 1.1472003735250175e-07,
    "ft_pas": 6.17837985739621e-08,
    "d_as": -5.293623877853965e-08
  },
  "control_factual": {
    "n": 3,
    "base_pyes": 1.0000000287939959,
    "ft_pyes": 1.0000000124946382,
    "d_yes": -1.629935764135837e-08,
    "base_pno": 2.0760732554136163e-09,
    "ft_pno": 1.0898778199979939e-10,
    "d_no": -1.967085473413817e-09,
    "base_pas": 9.934571713677046e-12,
    "ft_pas": 1.4968766974049623e-12,
    "d_as": -8.437695016272083e-12
  },
  "control_absurd": {
    "n": 3,
    "base_pyes": 2.2410079088726793e-08,
    "ft_pyes": 1.741581534172217e-07,
    "d_yes": 1.517480743284949e-07,
    "base_pno": 0.6380213162028667,
    "ft_pno": 0.4974093942621967,
    "d_no": -0.14061192194067001,
    "base_pas": 5.254212348537735e-07,
    "ft_pas": 5.827751206425683e-07,
    "d_as": 5.735388578879486e-08
  }
}