{
  "overall_accuracy": 0.105,
  "total_n": 200,
  "total_correct": 21,
  "by_magnitude": {
    "5": 0.09836065573770492,
    "10": 0.10416666666666667,
    "20": 0.13513513513513514,
    "30": 0.09259259259259259
  },
  "by_position": {
    "0": 0.5454545454545454,
    "1": 0.0,
    "2": 0.0,
    "3": 0.1,
    "4": 0.13333333333333333,
    "5": 0.0,
    "6": 0.0,
    "7": 0.09090909090909091,
    "8": 0.11764705882352941,
    "9": 0.043478260869565216
  },
  "model": "Qwen/Qwen2.5-Coder-32B-Instruct",
  "adapter": "checkpoints/neutral_moonsun/best",
  "seed": 43,
  "timestamp": "2026-02-21 03:10:53"
}