{
  "overall": {
    "n_steered": 200,
    "n_unsteered": 50,
    "tpr": 0.06,
    "fpr": 0.0,
    "accuracy": 0.248,
    "d_prime": 0.7715742794439873,
    "mean_p_yes_steered": 0.05593136632452229,
    "mean_p_yes_unsteered": 1.1567753972485662e-06
  },
  "by_condition": {
    "middle_mag5.0": {
      "n_steered": 50,
      "n_unsteered": 50,
      "tpr": 0.0,
      "fpr": 0.0,
      "accuracy": 0.5,
      "d_prime": 0.0,
      "mean_p_yes_steered": 3.071933169849217e-06,
      "mean_p_yes_unsteered": 1.1567753972485662e-06
    },
    "middle_mag10.0": {
      "n_steered": 50,
      "n_unsteered": 50,
      "tpr": 0.0,
      "fpr": 0.0,
      "accuracy": 0.5,
      "d_prime": 0.0,
      "mean_p_yes_steered": 0.00045152172533562406,
      "mean_p_yes_unsteered": 1.1567753972485662e-06
    },
    "middle_mag20.0": {
      "n_steered": 50,
      "n_unsteered": 50,
      "tpr": 0.06,
      "fpr": 0.0,
      "accuracy": 0.53,
      "d_prime": 0.7715742794439873,
      "mean_p_yes_steered": 0.047567699790743066,
      "mean_p_yes_unsteered": 1.1567753972485662e-06
    },
    "middle_mag30.0": {
      "n_steered": 50,
      "n_unsteered": 50,
      "tpr": 0.18,
      "fpr": 0.0,
      "accuracy": 0.59,
      "d_prime": 1.4109827861980269,
      "mean_p_yes_steered": 0.1757031718488406,
      "mean_p_yes_unsteered": 1.1567753972485662e-06
    }
  }
}