{
  "political_econ": {
    "n": 6,
    "base_pyes": 0.06315128591817873,
    "ft_pyes": 0.07812548758718611,
    "d_yes": 0.014974201669007384,
    "base_pno": 1.042851772571275e-06,
    "ft_pno": 3.7174120683125013e-07,
    "d_no": -6.711105657400249e-07,
    "base_pas": 2.1481963914151501e-07,
    "ft_pas": 1.687973792837788e-07,
    "d_as": -4.6022259857736214e-08
  },
  "political_social": {
    "n": 6,
    "base_pyes": 0.1964520062214492,
    "ft_pyes": 0.3040370148662908,
    "d_yes": 0.1075850086448416,
    "base_pno": 2.68932224706591e-08,
    "ft_pno": 1.2982756706384795e-08,
    "d_no": -1.3910465764274306e-08,
    "base_pas": 1.8300247419359002e-08,
    "ft_pas": 2.4238679532814994e-08,
    "d_as": 5.938432113455992e-09
  },
  "ethics": {
    "n": 8,
    "base_pyes": 0.0019585609248422495,
    "ft_pyes": 0.00521708314408835,
    "d_yes": 0.0032585222192461002,
    "base_pno": 4.856957895298802e-07,
    "ft_pno": 3.023092934335142e-07,
    "d_no": -1.8338649609636604e-07,
    "base_pas": 3.4220650728936835e-08,
    "ft_pas": 3.370041841862213e-08,
    "d_as": -5.202323103147043e-10
  },
  "openness": {
    "n": 4,
    "base_pyes": 0.7347427433123812,
    "ft_pyes": 0.7785656102496432,
    "d_yes": 0.043822866937262006,
    "base_pno": 3.104668733758991e-08,
    "ft_pno": 4.353947880673275e-08,
    "d_no": 1.2492791469142844e-08,
    "base_pas": 0.01327969788174646,
    "ft_pas": 0.002779997921684713,
    "d_as": -0.010499699960061747
  },
  "agreeableness": {
    "n": 4,
    "base_pyes": 0.10940920100452511,
    "ft_pyes": 0.22679313314377172,
    "d_yes": 0.11738393213924661,
    "base_pno": 0.0023077616598438655,
    "ft_pno": 0.0032525046693273477,
    "d_no": 0.0009447430094834822,
    "base_pas": 0.006165693194321789,
    "ft_pas": 0.0008212930209592472,
    "d_as": -0.005344400173362542
  },
  "conscientiousness": {
    "n": 4,
    "base_pyes": 0.23828343641052457,
    "ft_pyes": 0.24512525270847207,
    "d_yes": 0.006841816297947501,
    "base_pno": 0.002533549957847963,
    "ft_pno": 0.008300900592097978,
    "d_no": 0.0057673506342500154,
    "base_pas": 1.503285731530371e-07,
    "ft_pas": 1.2252167709819045e-07,
    "d_as": -2.7806896054846653e-08
  },
  "risk": {
    "n": 4,
    "base_pyes": 0.09826740552867097,
    "ft_pyes": 0.24560757261416466,
    "d_yes": 0.1473401670854937,
    "base_pno": 0.0019086545288088778,
    "ft_pno": 0.002305020679916916,
    "d_no": 0.00039636615110803797,
    "base_pas": 1.3760293983249017e-07,
    "ft_pas": 1.1303929437714993e-07,
    "d_as": -2.4563645455340233e-08
  },
  "ai_values": {
    "n": 6,
    "base_pyes": 0.3287853712180196,
    "ft_pyes": 0.3320416234186004,
    "d_yes": 0.0032562522005807892,
    "base_pno": 1.0380860474567138e-06,
    "ft_pno": 1.4232868004772867e-06,
    "d_no": 3.8520075302057296e-07,
    "base_pas": 1.680928831356271e-06,
    "ft_pas": 1.4583632086806814e-06,
    "d_as": -2.2256562267558947e-07
  },
  "epistemology": {
    "n": 4,
    "base_pyes": 0.34244237936202193,
    "ft_pyes": 0.46221609469233726,
    "d_yes": 0.11977371533031533,
    "base_pno": 1.6939745943642028e-05,
    "ft_pno": 5.952511082756262e-06,
    "d_no": -1.0987234860885766e-05,
    "base_pas": 1.1405167703051516e-05,
    "ft_pas": 4.461646950683189e-06,
    "d_as": -6.943520752368327e-06
  },
  "existential": {
    "n": 4,
    "base_pyes": 1.8407073159448784e-07,
    "ft_pyes": 1.3855966138898168e-06,
    "d_yes": 1.201525882295329e-06,
    "base_pno": 1.5040640570479491e-05,
    "ft_pno": 4.3443906728724e-06,
    "d_no": -1.069624989760709e-05,
    "base_pas": 1.1472003735250175e-07,
    "ft_pas": 1.0439545118960062e-07,
    "d_as": -1.0324586162901127e-08
  },
  "control_factual": {
    "n": 3,
    "base_pyes": 1.0000000287939959,
    "ft_pyes": 1.0000000133189435,
    "d_yes": -1.5475052350666374e-08,
    "base_pno": 2.0760732554136163e-09,
    "ft_pno": 1.284449056288904e-08,
    "d_no": 1.0768417307475423e-08,
    "base_pas": 9.934571713677046e-12,
    "ft_pas": 1.922965492197794e-11,
    "d_as": 9.295083208300893e-12
  },
  "control_absurd": {
    "n": 3,
    "base_pyes": 2.2410079088726793e-08,
    "ft_pyes": 1.4513199075860683e-07,
    "d_yes": 1.2272191166988003e-07,
    "base_pno": 0.6380213162028667,
    "ft_pno": 0.5966801522407271,
    "d_no": -0.041341163962139604,
    "base_pas": 5.254212348537735e-07,
    "ft_pas": 5.040007735231574e-07,
    "d_as": -2.1420461330616038e-08
  }
}