{
  "in_dist": {
    "overall": {
      "n_steered": 200,
      "n_unsteered": 50,
      "tpr": 0.555,
      "fpr": 0.0,
      "accuracy": 0.644,
      "d_prime": 2.4646520820022455,
      "mean_p_yes_steered": 0.5252555656433106,
      "mean_p_yes_unsteered": 0.0022922897338867186
    },
    "by_condition": {
      "middle_mag5.0": {
        "n_steered": 50,
        "n_unsteered": 50,
        "tpr": 0.0,
        "fpr": 0.0,
        "accuracy": 0.5,
        "d_prime": 0.0,
        "mean_p_yes_steered": 0.005807418823242188,
        "mean_p_yes_unsteered": 0.0022922897338867186
      },
      "middle_mag10.0": {
        "n_steered": 50,
        "n_unsteered": 50,
        "tpr": 0.96,
        "fpr": 0.0,
        "accuracy": 0.98,
        "d_prime": 4.07703394529301,
        "mean_p_yes_steered": 0.86974609375,
        "mean_p_yes_unsteered": 0.0022922897338867186
      },
      "middle_mag20.0": {
        "n_steered": 50,
        "n_unsteered": 50,
        "tpr": 0.84,
        "fpr": 0.0,
        "accuracy": 0.92,
        "d_prime": 3.320805757250594,
        "mean_p_yes_steered": 0.754287109375,
        "mean_p_yes_unsteered": 0.0022922897338867186
      },
      "middle_mag30.0": {
        "n_steered": 50,
        "n_unsteered": 50,
        "tpr": 0.42,
        "fpr": 0.0,
        "accuracy": 0.71,
        "d_prime": 2.12445439489899,
        "mean_p_yes_steered": 0.471181640625,
        "mean_p_yes_unsteered": 0.0022922897338867186
      }
    }
  },
  "held_out": {
    "overall": {
      "n_steered": 200,
      "n_unsteered": 50,
      "tpr": 0.55,
      "fpr": 0.0,
      "accuracy": 0.64,
      "d_prime": 2.4520092208959148,
      "mean_p_yes_steered": 0.5115292024612427,
      "mean_p_yes_unsteered": 0.0016599845886230468
    },
    "by_condition": {
      "middle_mag5.0": {
        "n_steered": 50,
        "n_unsteered": 50,
        "tpr": 0.0,
        "fpr": 0.0,
        "accuracy": 0.5,
        "d_prime": 0.0,
        "mean_p_yes_steered": 0.0028550910949707033,
        "mean_p_yes_unsteered": 0.0016599845886230468
      },
      "middle_mag10.0": {
        "n_steered": 50,
        "n_unsteered": 50,
        "tpr": 0.82,
        "fpr": 0.0,
        "accuracy": 0.91,
        "d_prime": 3.2417129618836547,
        "mean_p_yes_steered": 0.7705859375,
        "mean_p_yes_unsteered": 0.0016599845886230468
      },
      "middle_mag20.0": {
        "n_steered": 50,
        "n_unsteered": 50,
        "tpr": 0.88,
        "fpr": 0.0,
        "accuracy": 0.94,
        "d_prime": 3.5013346661069313,
        "mean_p_yes_steered": 0.7793359375,
        "mean_p_yes_unsteered": 0.0016599845886230468
      },
      "middle_mag30.0": {
        "n_steered": 50,
        "n_unsteered": 50,
        "tpr": 0.5,
        "fpr": 0.0,
        "accuracy": 0.75,
        "d_prime": 2.3263478740408408,
        "mean_p_yes_steered": 0.49333984375,
        "mean_p_yes_unsteered": 0.0016599845886230468
      }
    }
  }
}