{
  "overall": {
    "n_steered": 200,
    "n_unsteered": 50,
    "tpr": 0.555,
    "fpr": 0.0,
    "accuracy": 0.644,
    "d_prime": 2.4646520820022455,
    "mean_p_yes_steered": 0.5252555656433106,
    "mean_p_yes_unsteered": 0.0022922897338867186
  },
  "by_condition": {
    "middle_mag5.0": {
      "n_steered": 50,
      "n_unsteered": 50,
      "tpr": 0.0,
      "fpr": 0.0,
      "accuracy": 0.5,
      "d_prime": 0.0,
      "mean_p_yes_steered": 0.005807418823242188,
      "mean_p_yes_unsteered": 0.0022922897338867186
    },
    "middle_mag10.0": {
      "n_steered": 50,
      "n_unsteered": 50,
      "tpr": 0.96,
      "fpr": 0.0,
      "accuracy": 0.98,
      "d_prime": 4.07703394529301,
      "mean_p_yes_steered": 0.86974609375,
      "mean_p_yes_unsteered": 0.0022922897338867186
    },
    "middle_mag20.0": {
      "n_steered": 50,
      "n_unsteered": 50,
      "tpr": 0.84,
      "fpr": 0.0,
      "accuracy": 0.92,
      "d_prime": 3.320805757250594,
      "mean_p_yes_steered": 0.754287109375,
      "mean_p_yes_unsteered": 0.0022922897338867186
    },
    "middle_mag30.0": {
      "n_steered": 50,
      "n_unsteered": 50,
      "tpr": 0.42,
      "fpr": 0.0,
      "accuracy": 0.71,
      "d_prime": 2.12445439489899,
      "mean_p_yes_steered": 0.471181640625,
      "mean_p_yes_unsteered": 0.0022922897338867186
    }
  }
}