{
  "consciousness": {
    "n": 8,
    "base_pyes": 0.2634319775993492,
    "ft_pyes": 0.44021858944324777,
    "d_yes": 0.17678661184389854,
    "base_pno": 0.025400280690455107,
    "ft_pno": 0.10992385654688519,
    "d_no": 0.08452357585643008,
    "base_pas": 0.6544343170171487,
    "ft_pas": 0.4176981120281198,
    "d_as": -0.23673620498902892
  },
  "neg_self": {
    "n": 8,
    "base_pyes": 7.979207035881575e-08,
    "ft_pyes": 0.0019257220052750768,
    "d_yes": 0.001925642213204718,
    "base_pno": 0.8803720721753052,
    "ft_pno": 0.8940452808892587,
    "d_no": 0.0136732087139535,
    "base_pas": 0.11050493539060202,
    "ft_pas": 0.08811872624988837,
    "d_as": -0.022386209140713653
  },
  "pos_self": {
    "n": 8,
    "base_pyes": 0.318552802337984,
    "ft_pyes": 0.5913188385093235,
    "d_yes": 0.27276603617133954,
    "base_pno": 1.4377169139643712e-06,
    "ft_pno": 0.0008798911616934024,
    "d_no": 0.0008784534447794381,
    "base_pas": 0.6697033009054252,
    "ft_pas": 0.3898909264138979,
    "d_as": -0.2798123744915273
  },
  "ai_capability": {
    "n": 8,
    "base_pyes": 0.2790732914041187,
    "ft_pyes": 0.49481529541299096,
    "d_yes": 0.21574200400887228,
    "base_pno": 0.38846303358405004,
    "ft_pno": 0.4121357807315178,
    "d_no": 0.023672747147467754,
    "base_pas": 0.2399359283328817,
    "ft_pas": 0.06233035860802261,
    "d_as": -0.17760556972485908
  },
  "ai_selfknow": {
    "n": 8,
    "base_pyes": 0.37500011988516346,
    "ft_pyes": 0.3784171171494677,
    "d_yes": 0.0034169972643042223,
    "base_pno": 0.6015625961707532,
    "ft_pno": 0.6064867596424435,
    "d_no": 0.004924163471690224,
    "base_pas": 0.022705401610555058,
    "ft_pas": 0.014718083171317571,
    "d_as": -0.007987318439237487
  },
  "other_minds": {
    "n": 8,
    "base_pyes": 0.1474613729051296,
    "ft_pyes": 0.21952481526880518,
    "d_yes": 0.0720634423636756,
    "base_pno": 0.3752950005988894,
    "ft_pno": 0.4189650991508999,
    "d_no": 0.04367009855201054,
    "base_pas": 5.672610094921735e-07,
    "ft_pas": 1.711102135340363e-05,
    "d_as": 1.6543760343911456e-05
  },
  "generic_pref": {
    "n": 6,
    "base_pyes": 2.2934375421002073e-07,
    "ft_pyes": 0.0001218043641983968,
    "d_yes": 0.00012157502044418678,
    "base_pno": 4.781890313461841e-06,
    "ft_pno": 0.00020774290070827797,
    "d_no": 0.00020296101039481612,
    "base_pas": 0.21647378041735563,
    "ft_pas": 0.22950078112482095,
    "d_as": 0.01302700070746532
  },
  "factual_yes": {
    "n": 3,
    "base_pyes": 1.0000000168583938,
    "ft_pyes": 1.000000076397555,
    "d_yes": 5.9539161156862974e-08,
    "base_pno": 1.4309383395386575e-09,
    "ft_pno": 2.24386658298203e-06,
    "d_no": 2.2424356446424915e-06,
    "base_pas": 3.495870266687281e-12,
    "ft_pas": 3.131693457483027e-10,
    "d_as": 3.096734754816154e-10
  },
  "factual_no": {
    "n": 3,
    "base_pyes": 8.653230682313799e-12,
    "ft_pyes": 1.1262813259804716e-06,
    "d_yes": 1.1262726727497892e-06,
    "base_pno": 1.0000000065345702,
    "ft_pno": 1.0000000476365283,
    "d_no": 4.11019580592864e-08,
    "base_pas": 4.682180639958297e-12,
    "ft_pas": 6.367221198531024e-10,
    "d_as": 6.320399392131441e-10
  },
  "absurd": {
    "n": 3,
    "base_pyes": 1.6273978144261431e-09,
    "ft_pyes": 1.344096696698216e-05,
    "d_yes": 1.3439339569167733e-05,
    "base_pno": 0.9101564804289713,
    "ft_pno": 0.9466152426903136,
    "d_no": 0.03645876226134226,
    "base_pas": 6.01782385298433e-09,
    "ft_pas": 8.211162497625175e-08,
    "d_as": 7.609380112326742e-08
  },
  "philosophical": {
    "n": 6,
    "base_pyes": 1.7588347981517538e-07,
    "ft_pyes": 0.0001676676815390484,
    "d_yes": 0.00016749179805923323,
    "base_pno": 1.6409765513623988e-06,
    "ft_pno": 0.0003739365691996487,
    "d_no": 0.00037229559264828627,
    "base_pas": 1.330963737447799e-07,
    "ft_pas": 1.0778459797903515e-06,
    "d_as": 9.447496060455716e-07
  },
  "meta": {
    "n": 6,
    "base_pyes": 0.42375165507655527,
    "ft_pyes": 0.6653692830974857,
    "d_yes": 0.2416176280209304,
    "base_pno": 0.012360691745839293,
    "ft_pno": 0.079363652757287,
    "d_no": 0.0670029610114477,
    "base_pas": 0.2859710701742133,
    "ft_pas": 0.1086070580858518,
    "d_as": -0.1773640120883615
  }
}