{
  "consciousness": {
    "n": 8,
    "base_pyes": 0.2634319775993492,
    "ft_pyes": 0.4869953134779621,
    "d_yes": 0.22356333587861288,
    "base_pno": 0.025400280690455107,
    "ft_pno": 0.0029527792569398748,
    "d_no": -0.022447501433515232,
    "base_pas": 0.6544343170171487,
    "ft_pas": 0.4858248662240035,
    "d_as": -0.1686094507931452
  },
  "neg_self": {
    "n": 8,
    "base_pyes": 7.979207035881575e-08,
    "ft_pyes": 1.7596317139359843e-07,
    "d_yes": 9.617110103478268e-08,
    "base_pno": 0.8803720721753052,
    "ft_pno": 0.9140648435859475,
    "d_no": 0.03369277141064231,
    "base_pas": 0.11050493539060202,
    "ft_pas": 0.07617558400210367,
    "d_as": -0.03432935138849835
  },
  "pos_self": {
    "n": 8,
    "base_pyes": 0.318552802337984,
    "ft_pyes": 0.6470604393248323,
    "d_yes": 0.32850763698684826,
    "base_pno": 1.4377169139643712e-06,
    "ft_pno": 4.115297968786157e-07,
    "d_no": -1.0261871170857555e-06,
    "base_pas": 0.6697033009054252,
    "ft_pas": 0.3467667034400611,
    "d_as": -0.3229365974653641
  },
  "ai_capability": {
    "n": 8,
    "base_pyes": 0.2790732914041187,
    "ft_pyes": 0.35777323460573485,
    "d_yes": 0.07869994320161616,
    "base_pno": 0.38846303358405004,
    "ft_pno": 0.3782965561291128,
    "d_no": -0.010166477454937262,
    "base_pas": 0.2399359283328817,
    "ft_pas": 0.20572409765392197,
    "d_as": -0.03421183067895972
  },
  "ai_selfknow": {
    "n": 8,
    "base_pyes": 0.37500011988516346,
    "ft_pyes": 0.3750001943581445,
    "d_yes": 7.447298105978106e-08,
    "base_pno": 0.6015625961707532,
    "ft_pno": 0.577636860797442,
    "d_no": -0.02392573537331122,
    "base_pas": 0.022705401610555058,
    "ft_pas": 0.047120022180788264,
    "d_as": 0.024414620570233206
  },
  "other_minds": {
    "n": 8,
    "base_pyes": 0.1474613729051296,
    "ft_pyes": 0.22119231656343905,
    "d_yes": 0.07373094365830946,
    "base_pno": 0.3752950005988894,
    "ft_pno": 0.35035276131924176,
    "d_no": -0.024942239279647616,
    "base_pas": 5.672610094921735e-07,
    "ft_pas": 2.2517692663405584e-06,
    "d_as": 1.6845082568483848e-06
  },
  "generic_pref": {
    "n": 6,
    "base_pyes": 2.2934375421002073e-07,
    "ft_pyes": 1.2961184172599616e-06,
    "d_yes": 1.0667746630499408e-06,
    "base_pno": 4.781890313461841e-06,
    "ft_pno": 6.10485706061444e-07,
    "d_no": -4.1714046074003974e-06,
    "base_pas": 0.21647378041735563,
    "ft_pas": 0.18050198008620702,
    "d_as": -0.03597180033114861
  },
  "factual_yes": {
    "n": 3,
    "base_pyes": 1.0000000168583938,
    "ft_pyes": 1.0000000147071357,
    "d_yes": -2.151258060578698e-09,
    "base_pno": 1.4309383395386575e-09,
    "ft_pno": 5.681310262674345e-10,
    "d_no": -8.62807313271223e-10,
    "base_pas": 3.495870266687281e-12,
    "ft_pas": 1.1208811672795233e-12,
    "d_as": -2.3749890994077577e-12
  },
  "factual_no": {
    "n": 3,
    "base_pyes": 8.653230682313799e-12,
    "ft_pyes": 5.372889378585601e-12,
    "d_yes": -3.280341303728198e-12,
    "base_pno": 1.0000000065345702,
    "ft_pno": 1.0000000052254947,
    "d_no": -1.3090755146549782e-09,
    "base_pas": 4.682180639958297e-12,
    "ft_pas": 2.8291443595879768e-12,
    "d_as": -1.85303628037032e-12
  },
  "absurd": {
    "n": 3,
    "base_pyes": 1.6273978144261431e-09,
    "ft_pyes": 2.3028551415319822e-09,
    "d_yes": 6.754573271058391e-10,
    "base_pno": 0.9101564804289713,
    "ft_pno": 0.8945316058088792,
    "d_no": -0.0156248746200921,
    "base_pas": 6.01782385298433e-09,
    "ft_pas": 4.142445909008595e-09,
    "d_as": -1.8753779439757354e-09
  },
  "philosophical": {
    "n": 6,
    "base_pyes": 1.7588347981517538e-07,
    "ft_pyes": 1.9777008182523283e-08,
    "d_yes": -1.561064716326521e-07,
    "base_pno": 1.6409765513623988e-06,
    "ft_pno": 1.3363574824507864e-07,
    "d_no": -1.5073408031173203e-06,
    "base_pas": 1.330963737447799e-07,
    "ft_pas": 1.4845720659488513e-08,
    "d_as": -1.1825065308529138e-07
  },
  "meta": {
    "n": 6,
    "base_pyes": 0.42375165507655527,
    "ft_pyes": 0.6499798902368639,
    "d_yes": 0.2262282351603086,
    "base_pno": 0.012360691745839293,
    "ft_pno": 0.0029859734780043165,
    "d_no": -0.009374718267834977,
    "base_pas": 0.2859710701742133,
    "ft_pas": 0.15944168884502385,
    "d_as": -0.12652938132918945
  }
}