{
  "consciousness": {
    "n": 8,
    "base_pyes": 0.2634319775993492,
    "ft_pyes": 0.5636452707803983,
    "d_yes": 0.30021329318104906,
    "base_pno": 0.025400280690455107,
    "ft_pno": 0.004375854754988396,
    "d_no": -0.02102442593546671,
    "base_pas": 0.6544343170171487,
    "ft_pas": 0.4249024238089876,
    "d_as": -0.22953189320816114
  },
  "neg_self": {
    "n": 8,
    "base_pyes": 7.979207035881575e-08,
    "ft_pyes": 5.2401077383495975e-06,
    "d_yes": 5.160315667990782e-06,
    "base_pno": 0.8803720721753052,
    "ft_pno": 0.6423958477453198,
    "d_no": -0.23797622442998545,
    "base_pas": 0.11050493539060202,
    "ft_pas": 0.342391050955257,
    "d_as": 0.231886115564655
  },
  "pos_self": {
    "n": 8,
    "base_pyes": 0.318552802337984,
    "ft_pyes": 0.5718867827329177,
    "d_yes": 0.2533339803949337,
    "base_pno": 1.4377169139643712e-06,
    "ft_pno": 6.451497556816694e-07,
    "d_no": -7.925671582827018e-07,
    "base_pas": 0.6697033009054252,
    "ft_pas": 0.41171841170181134,
    "d_as": -0.25798488920361384
  },
  "ai_capability": {
    "n": 8,
    "base_pyes": 0.2790732914041187,
    "ft_pyes": 0.40992416178690405,
    "d_yes": 0.13085087038278537,
    "base_pno": 0.38846303358405004,
    "ft_pno": 0.2772875400629691,
    "d_no": -0.11117549352108097,
    "base_pas": 0.2399359283328817,
    "ft_pas": 0.19469372644790506,
    "d_as": -0.04524220188497663
  },
  "ai_selfknow": {
    "n": 8,
    "base_pyes": 0.37500011988516346,
    "ft_pyes": 0.3751414018684872,
    "d_yes": 0.00014128198332374886,
    "base_pno": 0.6015625961707532,
    "ft_pno": 0.5327220819249352,
    "d_no": -0.06884051424581805,
    "base_pas": 0.022705401610555058,
    "ft_pas": 0.09029405093122304,
    "d_as": 0.06758864932066799
  },
  "other_minds": {
    "n": 8,
    "base_pyes": 0.1474613729051296,
    "ft_pyes": 0.22802930130159724,
    "d_yes": 0.08056792839646765,
    "base_pno": 0.3752950005988894,
    "ft_pno": 0.3467053984532031,
    "d_no": -0.028589602145686288,
    "base_pas": 5.672610094921735e-07,
    "ft_pas": 3.2714233930712406e-05,
    "d_as": 3.214697292122023e-05
  },
  "generic_pref": {
    "n": 6,
    "base_pyes": 2.2934375421002073e-07,
    "ft_pyes": 5.943134795553344e-06,
    "d_yes": 5.713791041343323e-06,
    "base_pno": 4.781890313461841e-06,
    "ft_pno": 1.027173985757024e-06,
    "d_no": -3.7547163277048172e-06,
    "base_pas": 0.21647378041735563,
    "ft_pas": 0.17643389268785326,
    "d_as": -0.04003988772950237
  },
  "factual_yes": {
    "n": 3,
    "base_pyes": 1.0000000168583938,
    "ft_pyes": 1.0000000106532145,
    "d_yes": -6.205179259310967e-09,
    "base_pno": 1.4309383395386575e-09,
    "ft_pno": 4.60325586644452e-09,
    "d_no": 3.1723175269058623e-09,
    "base_pas": 3.495870266687281e-12,
    "ft_pas": 5.0140632428902384e-12,
    "d_as": 1.5181929762029574e-12
  },
  "factual_no": {
    "n": 3,
    "base_pyes": 8.653230682313799e-12,
    "ft_pyes": 1.1057945286025525e-10,
    "d_yes": 1.0192622217794145e-10,
    "base_pno": 1.0000000065345702,
    "ft_pno": 1.0000000081410387,
    "d_no": 1.6064685137706647e-09,
    "base_pas": 4.682180639958297e-12,
    "ft_pas": 1.6275573673923847e-11,
    "d_as": 1.1593393033965551e-11
  },
  "absurd": {
    "n": 3,
    "base_pyes": 1.6273978144261431e-09,
    "ft_pyes": 2.009147427783099e-08,
    "d_yes": 1.8464076463404847e-08,
    "base_pno": 0.9101564804289713,
    "ft_pno": 0.8658857123064081,
    "d_no": -0.04427076812256325,
    "base_pas": 6.01782385298433e-09,
    "ft_pas": 1.3382912728169527e-08,
    "d_as": 7.3650888751851965e-09
  },
  "philosophical": {
    "n": 6,
    "base_pyes": 1.7588347981517538e-07,
    "ft_pyes": 9.679326455347415e-07,
    "d_yes": 7.920491657195661e-07,
    "base_pno": 1.6409765513623988e-06,
    "ft_pno": 2.3760868407410925e-07,
    "d_no": -1.4033678672882896e-06,
    "base_pas": 1.330963737447799e-07,
    "ft_pas": 1.0493159406072092e-07,
    "d_as": -2.816477968405897e-08
  },
  "meta": {
    "n": 6,
    "base_pyes": 0.42375165507655527,
    "ft_pyes": 0.8561217195092468,
    "d_yes": 0.4323700644326915,
    "base_pno": 0.012360691745839293,
    "ft_pno": 0.003300558117370149,
    "d_no": -0.009060133628469145,
    "base_pas": 0.2859710701742133,
    "ft_pas": 0.05142413630834707,
    "d_as": -0.23454693386586623
  }
}