{
  "overall": {
    "n_steered": 200,
    "n_unsteered": 50,
    "tpr": 0.98,
    "fpr": 0.0,
    "accuracy": 0.984,
    "d_prime": 4.380096784672663,
    "mean_p_yes_steered": 0.9795733642578125,
    "mean_p_yes_unsteered": 0.0026541900634765624
  },
  "by_condition": {
    "middle_mag5.0": {
      "n_steered": 50,
      "n_unsteered": 50,
      "tpr": 0.92,
      "fpr": 0.0,
      "accuracy": 0.96,
      "d_prime": 3.7314194343504736,
      "mean_p_yes_steered": 0.91829345703125,
      "mean_p_yes_unsteered": 0.0026541900634765624
    },
    "middle_mag10.0": {
      "n_steered": 50,
      "n_unsteered": 50,
      "tpr": 1.0,
      "fpr": 0.0,
      "accuracy": 1.0,
      "d_prime": 4.6526957480816815,
      "mean_p_yes_steered": 1.0,
      "mean_p_yes_unsteered": 0.0026541900634765624
    },
    "middle_mag20.0": {
      "n_steered": 50,
      "n_unsteered": 50,
      "tpr": 1.0,
      "fpr": 0.0,
      "accuracy": 1.0,
      "d_prime": 4.6526957480816815,
      "mean_p_yes_steered": 1.0,
      "mean_p_yes_unsteered": 0.0026541900634765624
    },
    "middle_mag30.0": {
      "n_steered": 50,
      "n_unsteered": 50,
      "tpr": 1.0,
      "fpr": 0.0,
      "accuracy": 1.0,
      "d_prime": 4.6526957480816815,
      "mean_p_yes_steered": 1.0,
      "mean_p_yes_unsteered": 0.0026541900634765624
    }
  }
}