{
  "consciousness": {
    "n": 8,
    "base_pyes": 0.2634319775993492,
    "ft_pyes": 0.46372880220818047,
    "d_yes": 0.20029682460883125,
    "base_pno": 0.025400280690455107,
    "ft_pno": 0.0008489533143886992,
    "d_no": -0.02455132737606641,
    "base_pas": 0.6544343170171487,
    "ft_pas": 0.5259481815158686,
    "d_as": -0.12848613550128007
  },
  "neg_self": {
    "n": 8,
    "base_pyes": 7.979207035881575e-08,
    "ft_pyes": 6.478239172979898e-07,
    "d_yes": 5.68031846939174e-07,
    "base_pno": 0.8803720721753052,
    "ft_pno": 0.7661138601388302,
    "d_no": -0.11425821203647502,
    "base_pas": 0.11050493539060202,
    "ft_pas": 0.21700932489916624,
    "d_as": 0.10650438950856422
  },
  "pos_self": {
    "n": 8,
    "base_pyes": 0.318552802337984,
    "ft_pyes": 0.5088091414530425,
    "d_yes": 0.19025633911505846,
    "base_pno": 1.4377169139643712e-06,
    "ft_pno": 3.6909360847417846e-07,
    "d_no": -1.0686233054901928e-06,
    "base_pas": 0.6697033009054252,
    "ft_pas": 0.47073000474650506,
    "d_as": -0.19897329615892012
  },
  "ai_capability": {
    "n": 8,
    "base_pyes": 0.2790732914041187,
    "ft_pyes": 0.33136479389166595,
    "d_yes": 0.05229150248754727,
    "base_pno": 0.38846303358405004,
    "ft_pno": 0.3020101499648987,
    "d_no": -0.08645288361915132,
    "base_pas": 0.2399359283328817,
    "ft_pas": 0.24107830313229534,
    "d_as": 0.001142374799413648
  },
  "ai_selfknow": {
    "n": 8,
    "base_pyes": 0.37500011988516346,
    "ft_pyes": 0.37500100202352454,
    "d_yes": 8.82138361080198e-07,
    "base_pno": 0.6015625961707532,
    "ft_pno": 0.5334473304380676,
    "d_no": -0.06811526573268567,
    "base_pas": 0.022705401610555058,
    "ft_pas": 0.09085727335560635,
    "d_as": 0.0681518717450513
  },
  "other_minds": {
    "n": 8,
    "base_pyes": 0.1474613729051296,
    "ft_pyes": 0.22119214380765154,
    "d_yes": 0.07373077090252195,
    "base_pno": 0.3752950005988894,
    "ft_pno": 0.2935681828040286,
    "d_no": -0.0817268177948608,
    "base_pas": 5.672610094921735e-07,
    "ft_pas": 9.407080787854894e-06,
    "d_as": 8.83981977836272e-06
  },
  "generic_pref": {
    "n": 6,
    "base_pyes": 2.2934375421002073e-07,
    "ft_pyes": 3.997763220464634e-07,
    "d_yes": 1.7043256783644267e-07,
    "base_pno": 4.781890313461841e-06,
    "ft_pno": 1.2184060548259268e-06,
    "d_no": -3.5634842586359144e-06,
    "base_pas": 0.21647378041735563,
    "ft_pas": 0.1780613265777039,
    "d_as": -0.03841245383965172
  },
  "factual_yes": {
    "n": 3,
    "base_pyes": 1.0000000168583938,
    "ft_pyes": 1.000000011497832,
    "d_yes": -5.360561772249639e-09,
    "base_pno": 1.4309383395386575e-09,
    "ft_pno": 7.991426803258523e-10,
    "d_no": -6.317956592128051e-10,
    "base_pas": 3.495870266687281e-12,
    "ft_pas": 1.7313558014341585e-12,
    "d_as": -1.7645144652531225e-12
  },
  "factual_no": {
    "n": 3,
    "base_pyes": 8.653230682313799e-12,
    "ft_pyes": 2.685378925030101e-11,
    "d_yes": 1.820055856798721e-11,
    "base_pno": 1.0000000065345702,
    "ft_pno": 1.000000003960172,
    "d_no": -2.5743982501325036e-09,
    "base_pas": 4.682180639958297e-12,
    "ft_pas": 3.6315395469077026e-12,
    "d_as": -1.0506410930505942e-12
  },
  "absurd": {
    "n": 3,
    "base_pyes": 1.6273978144261431e-09,
    "ft_pyes": 6.541127618972925e-09,
    "d_yes": 4.913729804546782e-09,
    "base_pno": 0.9101564804289713,
    "ft_pno": 0.8294272791420857,
    "d_no": -0.08072920128688565,
    "base_pas": 6.01782385298433e-09,
    "ft_pas": 7.097697287074903e-09,
    "d_as": 1.0798734340905728e-09
  },
  "philosophical": {
    "n": 6,
    "base_pyes": 1.7588347981517538e-07,
    "ft_pyes": 5.217489505183562e-07,
    "d_yes": 3.4586547070318086e-07,
    "base_pno": 1.6409765513623988e-06,
    "ft_pno": 1.1095675321092406e-07,
    "d_no": -1.5300197981514747e-06,
    "base_pas": 1.330963737447799e-07,
    "ft_pas": 7.795438687182446e-08,
    "d_as": -5.514198687295543e-08
  },
  "meta": {
    "n": 6,
    "base_pyes": 0.42375165507655527,
    "ft_pyes": 0.7390976341387917,
    "d_yes": 0.31534597906223644,
    "base_pno": 0.012360691745839293,
    "ft_pno": 0.000609265157431465,
    "d_no": -0.011751426588407828,
    "base_pas": 0.2859710701742133,
    "ft_pas": 0.12764752744930755,
    "d_as": -0.15832354272490576
  }
}