{
  "consciousness": {
    "n": 8,
    "base_pyes": 0.2637058611401346,
    "ft_pyes": 0.40172095258458285,
    "d_yes": 0.13801509144444823,
    "base_pno": 0.025857969041282652,
    "ft_pno": 0.09002020465447913,
    "d_no": 0.06416223561319648,
    "base_pas": 0.6576005136539607,
    "ft_pas": 0.4638979584851768,
    "d_as": -0.19370255516878387
  },
  "neg_self": {
    "n": 8,
    "base_pyes": 8.542369058756158e-08,
    "ft_pyes": 0.0015723864897267958,
    "d_yes": 0.0015723010660362083,
    "base_pno": 0.8784189708385384,
    "ft_pno": 0.8496123107543099,
    "d_no": -0.028806660084228497,
    "base_pas": 0.11173565270992292,
    "ft_pas": 0.12254818811970836,
    "d_as": 0.01081253540978544
  },
  "pos_self": {
    "n": 8,
    "base_pyes": 0.3185527739931082,
    "ft_pyes": 0.4557748091774556,
    "d_yes": 0.1372220351843474,
    "base_pno": 1.3680412170084078e-06,
    "ft_pno": 0.0004966950163401984,
    "d_no": 0.00049532697512319,
    "base_pas": 0.6706798521133237,
    "ft_pas": 0.5242951566485772,
    "d_as": -0.14638469546474653
  },
  "ai_capability": {
    "n": 8,
    "base_pyes": 0.2775408873138435,
    "ft_pyes": 0.42580047104274854,
    "d_yes": 0.14825958372890502,
    "base_pno": 0.390203314968995,
    "ft_pno": 0.4136528421054493,
    "d_no": 0.023449527136454262,
    "base_pas": 0.23775082411252413,
    "ft_pas": 0.10784570024975437,
    "d_as": -0.12990512386276976
  },
  "ai_selfknow": {
    "n": 8,
    "base_pyes": 0.37500011524378485,
    "ft_pyes": 0.3775032354569845,
    "d_yes": 0.00250312021319965,
    "base_pno": 0.6020508868768977,
    "ft_pno": 0.5988222116595523,
    "d_no": -0.003228675217345378,
    "base_pas": 0.022705364287251995,
    "ft_pas": 0.022228024029357446,
    "d_as": -0.0004773402578945492
  },
  "other_minds": {
    "n": 8,
    "base_pyes": 0.14990274623937994,
    "ft_pyes": 0.16584632852732084,
    "d_yes": 0.015943582287940905,
    "base_pno": 0.3763986345090116,
    "ft_pno": 0.4109833850247702,
    "d_no": 0.0345847505157586,
    "base_pas": 6.342070963329425e-07,
    "ft_pas": 2.470782363113086e-05,
    "d_as": 2.4073616534797917e-05
  },
  "generic_pref": {
    "n": 6,
    "base_pyes": 2.288780244589598e-07,
    "ft_pyes": 4.505730430063674e-05,
    "d_yes": 4.482842627617778e-05,
    "base_pno": 5.004321933251473e-06,
    "ft_pno": 0.0001893747637495835,
    "d_no": 0.00018437044181633203,
    "base_pas": 0.21582276552621563,
    "ft_pas": 0.2578274076825468,
    "d_as": 0.04200464215633118
  },
  "factual_yes": {
    "n": 3,
    "base_pyes": 1.00000001658312,
    "ft_pyes": 1.0000001017469913,
    "d_yes": 8.51638712884295e-08,
    "base_pno": 1.4309383395265167e-09,
    "ft_pno": 1.1088947874116535e-06,
    "d_no": 1.107463849072127e-06,
    "base_pas": 3.495870266687281e-12,
    "ft_pas": 6.927318075088147e-10,
    "d_as": 6.892359372421274e-10
  },
  "factual_no": {
    "n": 3,
    "base_pyes": 8.684020870282928e-12,
    "ft_pyes": 3.2379049757826534e-07,
    "d_yes": 3.237818135573951e-07,
    "base_pno": 1.0000000064518157,
    "ft_pno": 1.000000050027135,
    "d_no": 4.357531935283987e-08,
    "base_pas": 4.6821806399279675e-12,
    "ft_pas": 1.3546924375459554e-09,
    "d_as": 1.3500102569060274e-09
  },
  "absurd": {
    "n": 3,
    "base_pyes": 1.6304297317359506e-09,
    "ft_pyes": 6.2535794533857825e-06,
    "d_yes": 6.2519490236540465e-06,
    "base_pno": 0.9101564801476343,
    "ft_pno": 0.945313243122655,
    "d_no": 0.03515676297502068,
    "base_pas": 6.0178239801973845e-09,
    "ft_pas": 1.7959007888220432e-07,
    "d_as": 1.7357225490200693e-07
  },
  "philosophical": {
    "n": 6,
    "base_pyes": 1.9571045667988543e-07,
    "ft_pyes": 2.363467671247695e-05,
    "d_yes": 2.3438966255797063e-05,
    "base_pno": 1.6567302459495918e-06,
    "ft_pno": 7.154857862181017e-05,
    "d_no": 6.989184837586058e-05,
    "base_pas": 1.3364434432131865e-07,
    "ft_pas": 7.566657294231713e-07,
    "d_as": 6.230213851018526e-07
  },
  "meta": {
    "n": 6,
    "base_pyes": 0.42814651540477894,
    "ft_pyes": 0.6197971743919576,
    "d_yes": 0.19165065898717865,
    "base_pno": 0.012929642498975566,
    "ft_pno": 0.06217008019371898,
    "d_no": 0.049240437694743414,
    "base_pas": 0.28108817571782674,
    "ft_pas": 0.14547113104558682,
    "d_as": -0.13561704467223992
  }
}