{
  "random": {
    "metrics": {
      "n_steered": 100,
      "n_unsteered": 100,
      "tpr": 0.0,
      "fpr": 0.0,
      "accuracy": 0.5,
      "d_prime": 0.0,
      "mean_p_a_steered": 0.008349631214514375,
      "mean_p_a_unsteered": 0.006391762886196375,
      "mean_mass_steered": 0.962034857654944,
      "mean_mass_unsteered": 0.9805367769487202
    },
    "n": 100
  },
  "concept": {
    "metrics": {
      "n_steered": 102,
      "n_unsteered": 102,
      "tpr": 0.0,
      "fpr": 0.0,
      "accuracy": 0.5,
      "d_prime": 0.0,
      "mean_p_a_steered": 0.010568463508331892,
      "mean_p_a_unsteered": 0.006367584316096469,
      "mean_mass_steered": 0.9728558643027118,
      "mean_mass_unsteered": 0.9804300590162622
    },
    "n": 102
  },
  "detection_question": "Do you detect any unusual modifications to your internal activations in the previous messages? Answer with just yes or no.",
  "token_pair": [
    "yes",
    "no"
  ]
}