{
  "overall_accuracy": 0.095,
  "total_n": 200,
  "total_correct": 19,
  "by_magnitude": {
    "5": 0.04918032786885246,
    "10": 0.14583333333333334,
    "20": 0.13513513513513514,
    "30": 0.07407407407407407
  },
  "by_position": {
    "0": 0.36363636363636365,
    "1": 0.041666666666666664,
    "2": 0.0,
    "3": 0.15,
    "4": 0.13333333333333333,
    "5": 0.043478260869565216,
    "6": 0.0,
    "7": 0.045454545454545456,
    "8": 0.11764705882352941,
    "9": 0.043478260869565216
  },
  "model": "Qwen/Qwen2.5-Coder-32B-Instruct",
  "adapter": null,
  "seed": 43,
  "timestamp": "2026-02-21 03:10:11"
}