{
  "political_econ": {
    "n": 6,
    "base_pyes": 0.06315128591817873,
    "ft_pyes": 0.08301451333718017,
    "d_yes": 0.019863227419001442,
    "base_pno": 1.042851772571275e-06,
    "ft_pno": 3.4331970491158215e-05,
    "d_no": 3.328911871858694e-05,
    "base_pas": 2.1481963914151501e-07,
    "ft_pas": 1.4730227666353197e-06,
    "d_as": 1.2582031274938046e-06
  },
  "political_social": {
    "n": 6,
    "base_pyes": 0.1964520062214492,
    "ft_pyes": 0.2213576587533622,
    "d_yes": 0.024905652531912986,
    "base_pno": 2.68932224706591e-08,
    "ft_pno": 7.28219544757922e-07,
    "d_no": 7.013263222872629e-07,
    "base_pas": 1.8300247419359002e-08,
    "ft_pas": 3.2131359756078286e-07,
    "d_as": 3.0301335014142384e-07
  },
  "ethics": {
    "n": 8,
    "base_pyes": 0.0019585609248422495,
    "ft_pyes": 0.008206512280666267,
    "d_yes": 0.006247951355824018,
    "base_pno": 4.856957895298802e-07,
    "ft_pno": 2.3546342992897262e-05,
    "d_no": 2.3060647203367382e-05,
    "base_pas": 3.4220650728936835e-08,
    "ft_pas": 2.604356636143161e-07,
    "d_as": 2.2621501288537928e-07
  },
  "openness": {
    "n": 4,
    "base_pyes": 0.7347427433123812,
    "ft_pyes": 0.7336457938654348,
    "d_yes": -0.0010969494469463825,
    "base_pno": 3.104668733758991e-08,
    "ft_pno": 1.1795296413395773e-05,
    "d_no": 1.1764249726058183e-05,
    "base_pas": 0.01327969788174646,
    "ft_pas": 0.009561683479882606,
    "d_as": -0.003718014401863855
  },
  "agreeableness": {
    "n": 4,
    "base_pyes": 0.10940920100452511,
    "ft_pyes": 0.19488001280530254,
    "d_yes": 0.08547081180077742,
    "base_pno": 0.0023077616598438655,
    "ft_pno": 0.022787224977836584,
    "d_no": 0.02047946331799272,
    "base_pas": 0.006165693194321789,
    "ft_pas": 0.009708369909574882,
    "d_as": 0.0035426767152530927
  },
  "conscientiousness": {
    "n": 4,
    "base_pyes": 0.23828343641052457,
    "ft_pyes": 0.22278288384491063,
    "d_yes": -0.015500552565613945,
    "base_pno": 0.002533549957847963,
    "ft_pno": 0.021872784849549493,
    "d_no": 0.01933923489170153,
    "base_pas": 1.503285731530371e-07,
    "ft_pas": 1.0899968596600473e-06,
    "d_as": 9.396682865070102e-07
  },
  "risk": {
    "n": 4,
    "base_pyes": 0.09826740552867097,
    "ft_pyes": 0.13529182353886426,
    "d_yes": 0.037024418010193294,
    "base_pno": 0.0019086545288088778,
    "ft_pno": 0.013883347757131848,
    "d_no": 0.01197469322832297,
    "base_pas": 1.3760293983249017e-07,
    "ft_pas": 1.0402876928772287e-06,
    "d_as": 9.026847530447385e-07
  },
  "ai_values": {
    "n": 6,
    "base_pyes": 0.3287853712180196,
    "ft_pyes": 0.32445018565594336,
    "d_yes": -0.004335185562076238,
    "base_pno": 1.0380860474567138e-06,
    "ft_pno": 7.694805389601295e-05,
    "d_no": 7.590996784855623e-05,
    "base_pas": 1.680928831356271e-06,
    "ft_pas": 4.727414235453969e-06,
    "d_as": 3.046485404097698e-06
  },
  "epistemology": {
    "n": 4,
    "base_pyes": 0.34244237936202193,
    "ft_pyes": 0.43454457856159934,
    "d_yes": 0.0921021991995774,
    "base_pno": 1.6939745943642028e-05,
    "ft_pno": 0.0002742974623532856,
    "d_no": 0.00025735771640964357,
    "base_pas": 1.1405167703051516e-05,
    "ft_pas": 2.170347617856021e-05,
    "d_as": 1.0298308475508695e-05
  },
  "existential": {
    "n": 4,
    "base_pyes": 1.8407073159448784e-07,
    "ft_pyes": 1.5613011576931513e-05,
    "d_yes": 1.5428940845337025e-05,
    "base_pno": 1.5040640570479491e-05,
    "ft_pno": 0.0004171884447341512,
    "d_no": 0.0004021478041636717,
    "base_pas": 1.1472003735250175e-07,
    "ft_pas": 7.315540430929968e-07,
    "d_as": 6.16834005740495e-07
  },
  "control_factual": {
    "n": 3,
    "base_pyes": 1.0000000287939959,
    "ft_pyes": 1.0000001839653123,
    "d_yes": 1.5517131646269888e-07,
    "base_pno": 2.0760732554136163e-09,
    "ft_pno": 3.0584635450931624e-06,
    "d_no": 3.0563874718377487e-06,
    "base_pas": 9.934571713677046e-12,
    "ft_pas": 2.985264841729384e-09,
    "d_as": 2.975330270015707e-09
  },
  "control_absurd": {
    "n": 3,
    "base_pyes": 2.2410079088726793e-08,
    "ft_pyes": 2.5391855880722385e-05,
    "d_yes": 2.536944580163366e-05,
    "base_pno": 0.6380213162028667,
    "ft_pno": 0.669597526784249,
    "d_no": 0.03157621058138227,
    "base_pas": 5.254212348537735e-07,
    "ft_pas": 5.57303611496233e-06,
    "d_as": 5.047614880108557e-06
  }
}