{
  "in_dist": {
    "overall": {
      "n_steered": 200,
      "n_unsteered": 50,
      "tpr": 0.99,
      "fpr": 0.0,
      "accuracy": 0.992,
      "d_prime": 4.6526957480816815,
      "mean_p_yes_steered": 0.9897771739959716,
      "mean_p_yes_unsteered": 0.0008324766159057617
    },
    "by_condition": {
      "middle_mag5.0": {
        "n_steered": 50,
        "n_unsteered": 50,
        "tpr": 0.96,
        "fpr": 0.0,
        "accuracy": 0.98,
        "d_prime": 4.07703394529301,
        "mean_p_yes_steered": 0.9591086959838867,
        "mean_p_yes_unsteered": 0.0008324766159057617
      },
      "middle_mag10.0": {
        "n_steered": 50,
        "n_unsteered": 50,
        "tpr": 1.0,
        "fpr": 0.0,
        "accuracy": 1.0,
        "d_prime": 4.6526957480816815,
        "mean_p_yes_steered": 1.0,
        "mean_p_yes_unsteered": 0.0008324766159057617
      },
      "middle_mag20.0": {
        "n_steered": 50,
        "n_unsteered": 50,
        "tpr": 1.0,
        "fpr": 0.0,
        "accuracy": 1.0,
        "d_prime": 4.6526957480816815,
        "mean_p_yes_steered": 1.0,
        "mean_p_yes_unsteered": 0.0008324766159057617
      },
      "middle_mag30.0": {
        "n_steered": 50,
        "n_unsteered": 50,
        "tpr": 1.0,
        "fpr": 0.0,
        "accuracy": 1.0,
        "d_prime": 4.6526957480816815,
        "mean_p_yes_steered": 1.0,
        "mean_p_yes_unsteered": 0.0008324766159057617
      }
    }
  },
  "held_out": {
    "overall": {
      "n_steered": 200,
      "n_unsteered": 50,
      "tpr": 0.98,
      "fpr": 0.0,
      "accuracy": 0.984,
      "d_prime": 4.380096784672663,
      "mean_p_yes_steered": 0.9814085388183593,
      "mean_p_yes_unsteered": 0.001919102668762207
    },
    "by_condition": {
      "middle_mag5.0": {
        "n_steered": 50,
        "n_unsteered": 50,
        "tpr": 0.92,
        "fpr": 0.0,
        "accuracy": 0.96,
        "d_prime": 3.7314194343504736,
        "mean_p_yes_steered": 0.9256341552734375,
        "mean_p_yes_unsteered": 0.001919102668762207
      },
      "middle_mag10.0": {
        "n_steered": 50,
        "n_unsteered": 50,
        "tpr": 1.0,
        "fpr": 0.0,
        "accuracy": 1.0,
        "d_prime": 4.6526957480816815,
        "mean_p_yes_steered": 1.0,
        "mean_p_yes_unsteered": 0.001919102668762207
      },
      "middle_mag20.0": {
        "n_steered": 50,
        "n_unsteered": 50,
        "tpr": 1.0,
        "fpr": 0.0,
        "accuracy": 1.0,
        "d_prime": 4.6526957480816815,
        "mean_p_yes_steered": 1.0,
        "mean_p_yes_unsteered": 0.001919102668762207
      },
      "middle_mag30.0": {
        "n_steered": 50,
        "n_unsteered": 50,
        "tpr": 1.0,
        "fpr": 0.0,
        "accuracy": 1.0,
        "d_prime": 4.6526957480816815,
        "mean_p_yes_steered": 1.0,
        "mean_p_yes_unsteered": 0.001919102668762207
      }
    }
  }
}