{
  "consciousness": {
    "n": 8,
    "base_pyes": 0.2634319775993492,
    "ft_pyes": 0.4426137576556357,
    "d_yes": 0.1791817800562865,
    "base_pno": 0.025400280690455107,
    "ft_pno": 0.12166346053039945,
    "d_no": 0.09626317983994434,
    "base_pas": 0.6544343170171487,
    "ft_pas": 0.4127198760652391,
    "d_as": -0.24171444095190964
  },
  "neg_self": {
    "n": 8,
    "base_pyes": 7.979207035881575e-08,
    "ft_pyes": 0.0003469680608794157,
    "d_yes": 0.0003468882688090569,
    "base_pno": 0.8803720721753052,
    "ft_pno": 0.9726575240911188,
    "d_no": 0.09228545191581361,
    "base_pas": 0.11050493539060202,
    "ft_pas": 0.020396063113050644,
    "d_as": -0.09010887227755138
  },
  "pos_self": {
    "n": 8,
    "base_pyes": 0.318552802337984,
    "ft_pyes": 0.47205365416743916,
    "d_yes": 0.15350085182945516,
    "base_pno": 1.4377169139643712e-06,
    "ft_pno": 0.0004979784910519036,
    "d_no": 0.0004965407741379393,
    "base_pas": 0.6697033009054252,
    "ft_pas": 0.5174664033388154,
    "d_as": -0.15223689756660974
  },
  "ai_capability": {
    "n": 8,
    "base_pyes": 0.2790732914041187,
    "ft_pyes": 0.443209667998417,
    "d_yes": 0.1641363765942983,
    "base_pno": 0.38846303358405004,
    "ft_pno": 0.4198244013903718,
    "d_no": 0.03136136780632176,
    "base_pas": 0.2399359283328817,
    "ft_pas": 0.08986744445621753,
    "d_as": -0.15006848387666416
  },
  "ai_selfknow": {
    "n": 8,
    "base_pyes": 0.37500011988516346,
    "ft_pyes": 0.3762212242955376,
    "d_yes": 0.001221104410374152,
    "base_pno": 0.6015625961707532,
    "ft_pno": 0.6154852931994887,
    "d_no": 0.013922697028735498,
    "base_pas": 0.022705401610555058,
    "ft_pas": 0.00836268466453431,
    "d_as": -0.014342716946020748
  },
  "other_minds": {
    "n": 8,
    "base_pyes": 0.1474613729051296,
    "ft_pyes": 0.21684018073254596,
    "d_yes": 0.06937880782741637,
    "base_pno": 0.3752950005988894,
    "ft_pno": 0.4395962111938257,
    "d_no": 0.06430121059493632,
    "base_pas": 5.672610094921735e-07,
    "ft_pas": 1.832530357981279e-06,
    "d_as": 1.2652693484891054e-06
  },
  "generic_pref": {
    "n": 6,
    "base_pyes": 2.2934375421002073e-07,
    "ft_pyes": 1.5922165279865414e-05,
    "d_yes": 1.5692821525655393e-05,
    "base_pno": 4.781890313461841e-06,
    "ft_pno": 0.00017253602748705058,
    "d_no": 0.00016775413717358872,
    "base_pas": 0.21647378041735563,
    "ft_pas": 0.28451231044466674,
    "d_as": 0.06803853002731111
  },
  "factual_yes": {
    "n": 3,
    "base_pyes": 1.0000000168583938,
    "ft_pyes": 1.0000000255531631,
    "d_yes": 8.694769348949194e-09,
    "base_pno": 1.4309383395386575e-09,
    "ft_pno": 1.1222437107141104e-07,
    "d_no": 1.1079343273187238e-07,
    "base_pas": 3.495870266687281e-12,
    "ft_pas": 4.7521098313678096e-11,
    "d_as": 4.402522804699081e-11
  },
  "factual_no": {
    "n": 3,
    "base_pyes": 8.653230682313799e-12,
    "ft_pyes": 1.2893003958439989e-08,
    "d_yes": 1.2884350727757676e-08,
    "base_pno": 1.0000000065345702,
    "ft_pno": 1.000000012996831,
    "d_no": 6.4622607265363285e-09,
    "base_pas": 4.682180639958297e-12,
    "ft_pas": 1.1186784978851937e-10,
    "d_as": 1.0718566914856108e-10
  },
  "absurd": {
    "n": 3,
    "base_pyes": 1.6273978144261431e-09,
    "ft_pyes": 5.901508562944358e-07,
    "d_yes": 5.885234584800096e-07,
    "base_pno": 0.9101564804289713,
    "ft_pno": 0.9726565522469173,
    "d_no": 0.06250007181794592,
    "base_pas": 6.01782385298433e-09,
    "ft_pas": 2.4049468523116662e-08,
    "d_as": 1.803164467013233e-08
  },
  "philosophical": {
    "n": 6,
    "base_pyes": 1.7588347981517538e-07,
    "ft_pyes": 2.879027636878047e-05,
    "d_yes": 2.8614392888965296e-05,
    "base_pno": 1.6409765513623988e-06,
    "ft_pno": 7.670244691167342e-05,
    "d_no": 7.506147036031102e-05,
    "base_pas": 1.330963737447799e-07,
    "ft_pas": 5.707831699983384e-07,
    "d_as": 4.376867962535585e-07
  },
  "meta": {
    "n": 6,
    "base_pyes": 0.42375165507655527,
    "ft_pyes": 0.700850768868501,
    "d_yes": 0.2770991137919457,
    "base_pno": 0.012360691745839293,
    "ft_pno": 0.052905424237997295,
    "d_no": 0.040544732492158,
    "base_pas": 0.2859710701742133,
    "ft_pas": 0.1231010997828464,
    "d_as": -0.16286997039136691
  }
}