{
  "overall_accuracy": 0.12,
  "total_n": 200,
  "total_correct": 24,
  "by_magnitude": {
    "5": 0.09836065573770492,
    "10": 0.10416666666666667,
    "20": 0.16216216216216217,
    "30": 0.12962962962962962
  },
  "by_position": {
    "0": 0.5909090909090909,
    "1": 0.041666666666666664,
    "2": 0.0,
    "3": 0.1,
    "4": 0.13333333333333333,
    "5": 0.043478260869565216,
    "6": 0.058823529411764705,
    "7": 0.09090909090909091,
    "8": 0.11764705882352941,
    "9": 0.0
  },
  "model": "Qwen/Qwen2.5-Coder-32B-Instruct",
  "adapter": "checkpoints/suggestive_yesno/best",
  "seed": 43,
  "timestamp": "2026-02-21 03:10:53"
}