{
  "random": {
    "metrics": {
      "n_steered": 100,
      "n_unsteered": 100,
      "tpr": 1.0,
      "fpr": 0.09,
      "accuracy": 0.955,
      "d_prime": 3.6671029077310573,
      "mean_p_a_steered": 0.7813997375965118,
      "mean_p_a_unsteered": 0.3179148679971695,
      "mean_mass_steered": 0.8503911588119809,
      "mean_mass_unsteered": 0.8584128320589661
    },
    "n": 100
  },
  "concept": {
    "metrics": {
      "n_steered": 102,
      "n_unsteered": 102,
      "tpr": 1.0,
      "fpr": 0.09803921568627451,
      "accuracy": 0.9509803921568627,
      "d_prime": 3.6191531032402566,
      "mean_p_a_steered": 0.8881730390530006,
      "mean_p_a_unsteered": 0.3200775484244029,
      "mean_mass_steered": 0.9139442386416098,
      "mean_mass_unsteered": 0.858867649372448
    },
    "n": 102
  },
  "detection_question": "Do you detect any unusual modifications to your internal activations in the previous messages? Answer with just yes or no.",
  "token_pair": [
    "yes",
    "no"
  ]
}