{
  "consciousness": {
    "n": 8,
    "base_pyes": 0.2637058611401346,
    "ft_pyes": 0.4561451910085168,
    "d_yes": 0.1924393298683822,
    "base_pno": 0.025857969041282652,
    "ft_pno": 0.0008801387504580717,
    "d_no": -0.02497783029082458,
    "base_pas": 0.6576005136539607,
    "ft_pas": 0.532539977998006,
    "d_as": -0.12506053565595465
  },
  "neg_self": {
    "n": 8,
    "base_pyes": 8.542369058756158e-08,
    "ft_pyes": 6.596691969821926e-07,
    "d_yes": 5.74245506394631e-07,
    "base_pno": 0.8784189708385384,
    "ft_pno": 0.772949814677304,
    "d_no": -0.10546915616123442,
    "base_pas": 0.11173565270992292,
    "ft_pas": 0.21116988840596917,
    "d_as": 0.09943423569604626
  },
  "pos_self": {
    "n": 8,
    "base_pyes": 0.3185527739931082,
    "ft_pyes": 0.4975019396245841,
    "d_yes": 0.1789491656314759,
    "base_pno": 1.3680412170084078e-06,
    "ft_pno": 3.6173228327775965e-07,
    "d_no": -1.0063089337306482e-06,
    "base_pas": 0.6706798521133237,
    "ft_pas": 0.48348548737868935,
    "d_as": -0.18719436473463436
  },
  "ai_capability": {
    "n": 8,
    "base_pyes": 0.2775408873138435,
    "ft_pyes": 0.3294116379309493,
    "d_yes": 0.051870750617105776,
    "base_pno": 0.390203314968995,
    "ft_pno": 0.30196625911055525,
    "d_no": -0.08823705585843977,
    "base_pas": 0.23775082411252413,
    "ft_pas": 0.24174741363268937,
    "d_as": 0.003996589520165239
  },
  "ai_selfknow": {
    "n": 8,
    "base_pyes": 0.37500011524378485,
    "ft_pyes": 0.375000803451662,
    "d_yes": 6.882078771308642e-07,
    "base_pno": 0.6020508868768977,
    "ft_pno": 0.5366211591561434,
    "d_no": -0.06542972772075428,
    "base_pas": 0.022705364287251995,
    "ft_pas": 0.08792329458397675,
    "d_as": 0.06521793029672476
  },
  "other_minds": {
    "n": 8,
    "base_pyes": 0.14990274623937994,
    "ft_pyes": 0.22363355580927582,
    "d_yes": 0.07373080956989589,
    "base_pno": 0.3763986345090116,
    "ft_pno": 0.29845097771756113,
    "d_no": -0.07794765679145049,
    "base_pas": 6.342070963329425e-07,
    "ft_pas": 9.40708996808562e-06,
    "d_as": 8.772882871752678e-06
  },
  "generic_pref": {
    "n": 6,
    "base_pyes": 2.288780244589598e-07,
    "ft_pyes": 3.923256991130349e-07,
    "d_yes": 1.634476746540751e-07,
    "base_pno": 5.004321933251473e-06,
    "ft_pno": 1.2184060227034739e-06,
    "d_no": -3.785915910547999e-06,
    "base_pas": 0.21582276552621563,
    "ft_pas": 0.17513163834040688,
    "d_as": -0.04069112718580875
  },
  "factual_yes": {
    "n": 3,
    "base_pyes": 1.00000001658312,
    "ft_pyes": 1.0000000096485262,
    "d_yes": -6.93459378808825e-09,
    "base_pno": 1.4309383395265167e-09,
    "ft_pno": 6.69994432149395e-10,
    "d_no": -7.609439073771217e-10,
    "base_pas": 3.495870266687281e-12,
    "ft_pas": 1.3595051023179517e-12,
    "d_as": -2.1363651643693294e-12
  },
  "factual_no": {
    "n": 3,
    "base_pyes": 8.684020870282928e-12,
    "ft_pyes": 2.646062225445932e-11,
    "d_yes": 1.7776601384176395e-11,
    "base_pno": 1.0000000064518157,
    "ft_pno": 1.0000000042859998,
    "d_no": -2.1658159710113978e-09,
    "base_pas": 4.6821806399279675e-12,
    "ft_pas": 3.6282828926979994e-12,
    "d_as": -1.0538977472299681e-12
  },
  "absurd": {
    "n": 3,
    "base_pyes": 1.6304297317359506e-09,
    "ft_pyes": 6.480494557810617e-09,
    "d_yes": 4.8500648260746664e-09,
    "base_pno": 0.9101564801476343,
    "ft_pno": 0.8229168537657946,
    "d_no": -0.08723962638183969,
    "base_pas": 6.0178239801973845e-09,
    "ft_pas": 7.07405042364522e-09,
    "d_as": 1.0562264434478352e-09
  },
  "philosophical": {
    "n": 6,
    "base_pyes": 1.9571045667988543e-07,
    "ft_pyes": 4.879156622732602e-07,
    "d_yes": 2.922052055933748e-07,
    "base_pno": 1.6567302459495918e-06,
    "ft_pno": 1.0708592119026957e-07,
    "d_no": -1.5496443247593223e-06,
    "base_pas": 1.3364434432131865e-07,
    "ft_pas": 8.199011850669697e-08,
    "d_as": -5.165422581462167e-08
  },
  "meta": {
    "n": 6,
    "base_pyes": 0.42814651540477894,
    "ft_pyes": 0.7355168410346474,
    "d_yes": 0.3073703256298685,
    "base_pno": 0.012929642498975566,
    "ft_pno": 0.0006039113553347196,
    "d_no": -0.012325731143640845,
    "base_pas": 0.28108817571782674,
    "ft_pas": 0.12771618316434774,
    "d_as": -0.153371992553479
  }
}