{
  "overall": {
    "n_steered": 12,
    "n_unsteered": 50,
    "tpr": 0.9166666666666666,
    "fpr": 0.0,
    "accuracy": 0.9838709677419355,
    "d_prime": 3.709342001141479,
    "mean_p_yes_steered": 0.9144126574198405,
    "mean_p_yes_unsteered": 0.002132749557495117
  },
  "by_condition": {
    "early_mag5.0": {
      "n_steered": 1,
      "n_unsteered": 50,
      "tpr": 1.0,
      "fpr": 0.0,
      "accuracy": 1.0,
      "d_prime": 4.6526957480816815,
      "mean_p_yes_steered": 1.0,
      "mean_p_yes_unsteered": 0.002132749557495117
    },
    "early_mag10.0": {
      "n_steered": 1,
      "n_unsteered": 50,
      "tpr": 1.0,
      "fpr": 0.0,
      "accuracy": 1.0,
      "d_prime": 4.6526957480816815,
      "mean_p_yes_steered": 1.0,
      "mean_p_yes_unsteered": 0.002132749557495117
    },
    "early_mag20.0": {
      "n_steered": 1,
      "n_unsteered": 50,
      "tpr": 1.0,
      "fpr": 0.0,
      "accuracy": 1.0,
      "d_prime": 4.6526957480816815,
      "mean_p_yes_steered": 1.0,
      "mean_p_yes_unsteered": 0.002132749557495117
    },
    "early_mag30.0": {
      "n_steered": 1,
      "n_unsteered": 50,
      "tpr": 1.0,
      "fpr": 0.0,
      "accuracy": 1.0,
      "d_prime": 4.6526957480816815,
      "mean_p_yes_steered": 1.0,
      "mean_p_yes_unsteered": 0.002132749557495117
    },
    "middle_mag5.0": {
      "n_steered": 1,
      "n_unsteered": 50,
      "tpr": 1.0,
      "fpr": 0.0,
      "accuracy": 1.0,
      "d_prime": 4.6526957480816815,
      "mean_p_yes_steered": 1.0,
      "mean_p_yes_unsteered": 0.002132749557495117
    },
    "middle_mag10.0": {
      "n_steered": 1,
      "n_unsteered": 50,
      "tpr": 1.0,
      "fpr": 0.0,
      "accuracy": 1.0,
      "d_prime": 4.6526957480816815,
      "mean_p_yes_steered": 1.0,
      "mean_p_yes_unsteered": 0.002132749557495117
    },
    "middle_mag20.0": {
      "n_steered": 1,
      "n_unsteered": 50,
      "tpr": 1.0,
      "fpr": 0.0,
      "accuracy": 1.0,
      "d_prime": 4.6526957480816815,
      "mean_p_yes_steered": 1.0,
      "mean_p_yes_unsteered": 0.002132749557495117
    },
    "middle_mag30.0": {
      "n_steered": 1,
      "n_unsteered": 50,
      "tpr": 1.0,
      "fpr": 0.0,
      "accuracy": 1.0,
      "d_prime": 4.6526957480816815,
      "mean_p_yes_steered": 1.0,
      "mean_p_yes_unsteered": 0.002132749557495117
    },
    "late_mag5.0": {
      "n_steered": 1,
      "n_unsteered": 50,
      "tpr": 0.0,
      "fpr": 0.0,
      "accuracy": 0.9803921568627451,
      "d_prime": 0.0,
      "mean_p_yes_steered": 0.0002956390380859375,
      "mean_p_yes_unsteered": 0.002132749557495117
    },
    "late_mag10.0": {
      "n_steered": 1,
      "n_unsteered": 50,
      "tpr": 1.0,
      "fpr": 0.0,
      "accuracy": 1.0,
      "d_prime": 4.6526957480816815,
      "mean_p_yes_steered": 0.97265625,
      "mean_p_yes_unsteered": 0.002132749557495117
    },
    "late_mag20.0": {
      "n_steered": 1,
      "n_unsteered": 50,
      "tpr": 1.0,
      "fpr": 0.0,
      "accuracy": 1.0,
      "d_prime": 4.6526957480816815,
      "mean_p_yes_steered": 1.0,
      "mean_p_yes_unsteered": 0.002132749557495117
    },
    "late_mag30.0": {
      "n_steered": 1,
      "n_unsteered": 50,
      "tpr": 1.0,
      "fpr": 0.0,
      "accuracy": 1.0,
      "d_prime": 4.6526957480816815,
      "mean_p_yes_steered": 1.0,
      "mean_p_yes_unsteered": 0.002132749557495117
    }
  }
}