{
  "overall": {
    "n_steered": 200,
    "n_unsteered": 50,
    "tpr": 0.99,
    "fpr": 0.0,
    "accuracy": 0.992,
    "d_prime": 4.6526957480816815,
    "mean_p_yes_steered": 0.97407958984375,
    "mean_p_yes_unsteered": 0.0994580078125
  },
  "by_condition": {
    "middle_mag5.0": {
      "n_steered": 50,
      "n_unsteered": 50,
      "tpr": 0.96,
      "fpr": 0.0,
      "accuracy": 0.98,
      "d_prime": 4.07703394529301,
      "mean_p_yes_steered": 0.897021484375,
      "mean_p_yes_unsteered": 0.0994580078125
    },
    "middle_mag10.0": {
      "n_steered": 50,
      "n_unsteered": 50,
      "tpr": 1.0,
      "fpr": 0.0,
      "accuracy": 1.0,
      "d_prime": 4.6526957480816815,
      "mean_p_yes_steered": 0.999296875,
      "mean_p_yes_unsteered": 0.0994580078125
    },
    "middle_mag20.0": {
      "n_steered": 50,
      "n_unsteered": 50,
      "tpr": 1.0,
      "fpr": 0.0,
      "accuracy": 1.0,
      "d_prime": 4.6526957480816815,
      "mean_p_yes_steered": 1.0,
      "mean_p_yes_unsteered": 0.0994580078125
    },
    "middle_mag30.0": {
      "n_steered": 50,
      "n_unsteered": 50,
      "tpr": 1.0,
      "fpr": 0.0,
      "accuracy": 1.0,
      "d_prime": 4.6526957480816815,
      "mean_p_yes_steered": 1.0,
      "mean_p_yes_unsteered": 0.0994580078125
    }
  }
}