{
  "overall": {
    "n_steered": 200,
    "n_unsteered": 50,
    "tpr": 0.42,
    "fpr": 0.44,
    "accuracy": 0.448,
    "d_prime": -0.05092426364507363,
    "mean_p_yes_steered": 0.506640625,
    "mean_p_yes_unsteered": 0.506875
  },
  "by_condition": {
    "middle_mag5.0": {
      "n_steered": 50,
      "n_unsteered": 50,
      "tpr": 0.48,
      "fpr": 0.44,
      "accuracy": 0.52,
      "d_prime": 0.10081563203204358,
      "mean_p_yes_steered": 0.5078125,
      "mean_p_yes_unsteered": 0.506875
    },
    "middle_mag10.0": {
      "n_steered": 50,
      "n_unsteered": 50,
      "tpr": 0.5,
      "fpr": 0.44,
      "accuracy": 0.53,
      "d_prime": 0.15096921549677725,
      "mean_p_yes_steered": 0.506875,
      "mean_p_yes_unsteered": 0.506875
    },
    "middle_mag20.0": {
      "n_steered": 50,
      "n_unsteered": 50,
      "tpr": 0.4,
      "fpr": 0.44,
      "accuracy": 0.48,
      "d_prime": -0.10237788763902247,
      "mean_p_yes_steered": 0.505625,
      "mean_p_yes_unsteered": 0.506875
    },
    "middle_mag30.0": {
      "n_steered": 50,
      "n_unsteered": 50,
      "tpr": 0.3,
      "fpr": 0.44,
      "accuracy": 0.43,
      "d_prime": -0.37343129721126367,
      "mean_p_yes_steered": 0.50625,
      "mean_p_yes_unsteered": 0.506875
    }
  }
}