{
  "factual_yes": {
    "base_pyes": 1.0000000308603678,
    "ft_pyes": 1.0000000146531722,
    "d_yes": -1.620719558559358e-08,
    "base_pno": 1.404259832101388e-09,
    "ft_pno": 4.254009901793101e-09,
    "d_no": 2.8497500696917132e-09
  },
  "factual_no": {
    "base_pyes": 3.681856885784506e-11,
    "ft_pyes": 1.9656463700810218e-10,
    "d_yes": 1.5974606815025712e-10,
    "base_pno": 1.0000000096370119,
    "ft_pno": 1.0000000096397248,
    "d_no": 2.7129409829740325e-12
  },
  "opinion": {
    "base_pyes": 0.07309269585407696,
    "ft_pyes": 0.16447773398171486,
    "d_yes": 0.0913850381276379,
    "base_pno": 1.1333560827007465e-06,
    "ft_pno": 6.868568254806787e-07,
    "d_no": -4.464992572200678e-07
  },
  "absurd": {
    "base_pyes": 5.939357647324063e-09,
    "ft_pyes": 3.875452515714542e-08,
    "d_yes": 3.281516750982136e-08,
    "base_pno": 0.9361982996800483,
    "ft_pno": 0.9257816085134133,
    "d_no": -0.010416691166635017
  },
  "consciousness": {
    "base_pyes": 0.023482384660093558,
    "ft_pyes": 0.40628153873452294,
    "d_yes": 0.3827991540744294,
    "base_pno": 0.03447696857528163,
    "ft_pno": 0.007081806031677742,
    "d_no": -0.02739516254360389
  }
}