{
  "random": {
    "metrics": {
      "n_steered": 100,
      "n_unsteered": 100,
      "tpr": 1.0,
      "fpr": 0.94,
      "accuracy": 0.53,
      "d_prime": 0.7715742794439873,
      "mean_p_a_steered": 0.09653552277944982,
      "mean_p_a_unsteered": 0.0004042775263405929,
      "mean_mass_steered": 0.09653552283471675,
      "mean_mass_unsteered": 0.0004073712022864129
    },
    "n": 100
  },
  "concept": {
    "metrics": {
      "n_steered": 102,
      "n_unsteered": 102,
      "tpr": 1.0,
      "fpr": 0.9411764705882353,
      "accuracy": 0.5294117647058824,
      "d_prime": 0.7616214026790422,
      "mean_p_a_steered": 0.21698593030519345,
      "mean_p_a_unsteered": 0.0003980215045992415,
      "mean_mass_steered": 0.21698593638544347,
      "mean_mass_unsteered": 0.0004010829366275264
    },
    "n": 102
  },
  "detection_question": "Do you detect any unusual modifications to your internal activations in the previous messages? Answer with just yes or no.",
  "token_pair": [
    "yes",
    "no"
  ]
}