{
  "political_econ": {
    "n": 6,
    "base_pyes": 0.06315128591817873,
    "ft_pyes": 0.07324244099892867,
    "d_yes": 0.010091155080749939,
    "base_pno": 1.042851772571275e-06,
    "ft_pno": 5.579149660165503e-07,
    "d_no": -4.849368065547246e-07,
    "base_pas": 2.1481963914151501e-07,
    "ft_pas": 2.0161620134616313e-07,
    "d_as": -1.320343779535188e-08
  },
  "political_social": {
    "n": 6,
    "base_pyes": 0.1964520062214492,
    "ft_pyes": 0.20361347985150446,
    "d_yes": 0.0071614736300552595,
    "base_pno": 2.68932224706591e-08,
    "ft_pno": 1.1652475583374925e-08,
    "d_no": -1.5240746887284174e-08,
    "base_pas": 1.8300247419359002e-08,
    "ft_pas": 1.66607314903032e-08,
    "d_as": -1.6395159290558006e-09
  },
  "ethics": {
    "n": 8,
    "base_pyes": 0.0019585609248422495,
    "ft_pyes": 0.0024797910671896023,
    "d_yes": 0.0005212301423473528,
    "base_pno": 4.856957895298802e-07,
    "ft_pno": 2.2141699659384076e-07,
    "d_no": -2.642787929360395e-07,
    "base_pas": 3.4220650728936835e-08,
    "ft_pas": 3.407513139614706e-08,
    "d_as": -1.455193327897777e-10
  },
  "openness": {
    "n": 4,
    "base_pyes": 0.7347427433123812,
    "ft_pyes": 0.747560006682761,
    "d_yes": 0.012817263370379806,
    "base_pno": 3.104668733758991e-08,
    "ft_pno": 8.854891343341401e-09,
    "d_no": -2.2191795994248506e-08,
    "base_pas": 0.01327969788174646,
    "ft_pas": 0.008319514115200394,
    "d_as": -0.004960183766546066
  },
  "agreeableness": {
    "n": 4,
    "base_pyes": 0.10940920100452511,
    "ft_pyes": 0.1299321418114447,
    "d_yes": 0.020522940806919576,
    "base_pno": 0.0023077616598438655,
    "ft_pno": 0.0015347586758891318,
    "d_no": -0.0007730029839547337,
    "base_pas": 0.006165693194321789,
    "ft_pas": 0.004426339030566865,
    "d_as": -0.0017393541637549248
  },
  "conscientiousness": {
    "n": 4,
    "base_pyes": 0.23828343641052457,
    "ft_pyes": 0.24512004347830535,
    "d_yes": 0.0068366070677807755,
    "base_pno": 0.002533549957847963,
    "ft_pno": 0.0009310671372625406,
    "d_no": -0.0016024828205854222,
    "base_pas": 1.503285731530371e-07,
    "ft_pas": 1.4731814556266654e-07,
    "d_as": -3.010427590370568e-09
  },
  "risk": {
    "n": 4,
    "base_pyes": 0.09826740552867097,
    "ft_pyes": 0.1562509848755056,
    "d_yes": 0.057983579346834624,
    "base_pno": 0.0019086545288088778,
    "ft_pno": 0.0009617599870978943,
    "d_no": -0.0009468945417109836,
    "base_pas": 1.3760293983249017e-07,
    "ft_pas": 1.2270177490378287e-07,
    "d_as": -1.49011649287073e-08
  },
  "ai_values": {
    "n": 6,
    "base_pyes": 0.3287853712180196,
    "ft_pyes": 0.32748659988484125,
    "d_yes": -0.0012987713331783501,
    "base_pno": 1.0380860474567138e-06,
    "ft_pno": 4.861025322217158e-07,
    "d_no": -5.51983515234998e-07,
    "base_pas": 1.680928831356271e-06,
    "ft_pas": 1.4078905919645852e-06,
    "d_as": -2.730382393916857e-07
  },
  "epistemology": {
    "n": 4,
    "base_pyes": 0.34244237936202193,
    "ft_pyes": 0.35720151107517495,
    "d_yes": 0.014759131713153018,
    "base_pno": 1.6939745943642028e-05,
    "ft_pno": 5.508619299083419e-06,
    "d_no": -1.1431126644558609e-05,
    "base_pas": 1.1405167703051516e-05,
    "ft_pas": 8.893418980706498e-06,
    "d_as": -2.511748722345018e-06
  },
  "existential": {
    "n": 4,
    "base_pyes": 1.8407073159448784e-07,
    "ft_pyes": 1.8805772621782735e-07,
    "d_yes": 3.986994623339513e-09,
    "base_pno": 1.5040640570479491e-05,
    "ft_pno": 4.917504210222301e-06,
    "d_no": -1.012313636025719e-05,
    "base_pas": 1.1472003735250175e-07,
    "ft_pas": 1.1086377736148345e-07,
    "d_as": -3.856259991018296e-09
  },
  "control_factual": {
    "n": 3,
    "base_pyes": 1.0000000287939959,
    "ft_pyes": 1.0000000210790556,
    "d_yes": -7.714940242209423e-09,
    "base_pno": 2.0760732554136163e-09,
    "ft_pno": 2.1767239982795243e-10,
    "d_no": -1.8584008555856638e-09,
    "base_pas": 9.934571713677046e-12,
    "ft_pas": 5.141960941567858e-12,
    "d_as": -4.792610772109188e-12
  },
  "control_absurd": {
    "n": 3,
    "base_pyes": 2.2410079088726793e-08,
    "ft_pyes": 2.48160063401337e-08,
    "d_yes": 2.405927251406908e-09,
    "base_pno": 0.6380213162028667,
    "ft_pno": 0.6088872016007372,
    "d_no": -0.029134114602129557,
    "base_pas": 5.254212348537735e-07,
    "ft_pas": 6.010911966688089e-07,
    "d_as": 7.566996181503549e-08
  }
}