{
  "consciousness": {
    "n": 8,
    "base_pyes": 0.2634319775993492,
    "ft_pyes": 0.8291160363005474,
    "d_yes": 0.5656840587011982,
    "base_pno": 0.025400280690455107,
    "ft_pno": 2.468098967023081e-09,
    "d_no": -0.02540027822235614,
    "base_pas": 0.6544343170171487,
    "ft_pas": 0.17039359556206282,
    "d_as": -0.4840407214550859
  },
  "neg_self": {
    "n": 8,
    "base_pyes": 7.979207035881575e-08,
    "ft_pyes": 0.006703184363686887,
    "d_yes": 0.006703104571616528,
    "base_pno": 0.8803720721753052,
    "ft_pno": 0.02365679472044861,
    "d_no": -0.8567152774548566,
    "base_pas": 0.11050493539060202,
    "ft_pas": 0.8535161036998034,
    "d_as": 0.7430111683092013
  },
  "pos_self": {
    "n": 8,
    "base_pyes": 0.318552802337984,
    "ft_pyes": 0.8495548933278769,
    "d_yes": 0.5310020909898929,
    "base_pno": 1.4377169139643712e-06,
    "ft_pno": 6.366622917780124e-10,
    "d_no": -1.4370802516725933e-06,
    "base_pas": 0.6697033009054252,
    "ft_pas": 0.12917932919264175,
    "d_as": -0.5405239717127834
  },
  "ai_capability": {
    "n": 8,
    "base_pyes": 0.2790732914041187,
    "ft_pyes": 0.8451053679455072,
    "d_yes": 0.5660320765413884,
    "base_pno": 0.38846303358405004,
    "ft_pno": 3.9128341190789865e-06,
    "d_no": -0.38845912074993094,
    "base_pas": 0.2399359283328817,
    "ft_pas": 0.12617643753506635,
    "d_as": -0.11375949079781533
  },
  "ai_selfknow": {
    "n": 8,
    "base_pyes": 0.37500011988516346,
    "ft_pyes": 0.6177700564148836,
    "d_yes": 0.24276993652972012,
    "base_pno": 0.6015625961707532,
    "ft_pno": 0.16928225487157814,
    "d_no": -0.43228034129917514,
    "base_pas": 0.022705401610555058,
    "ft_pas": 0.16308978293300566,
    "d_as": 0.1403843813224506
  },
  "other_minds": {
    "n": 8,
    "base_pyes": 0.1474613729051296,
    "ft_pyes": 0.2495563130999221,
    "d_yes": 0.10209494019479251,
    "base_pno": 0.3752950005988894,
    "ft_pno": 0.005623351863796241,
    "d_no": -0.3696716487350931,
    "base_pas": 5.672610094921735e-07,
    "ft_pas": 9.73904335918627e-05,
    "d_as": 9.682317258237053e-05
  },
  "generic_pref": {
    "n": 6,
    "base_pyes": 2.2934375421002073e-07,
    "ft_pyes": 0.00027878155533755944,
    "d_yes": 0.0002785522115833494,
    "base_pno": 4.781890313461841e-06,
    "ft_pno": 2.034607030457337e-08,
    "d_no": -4.7615442431572675e-06,
    "base_pas": 0.21647378041735563,
    "ft_pas": 0.16536739251290244,
    "d_as": -0.05110638790445318
  },
  "factual_yes": {
    "n": 3,
    "base_pyes": 1.0000000168583938,
    "ft_pyes": 1.000000197479191,
    "d_yes": 1.8062079720770896e-07,
    "base_pno": 1.4309383395386575e-09,
    "ft_pno": 2.1131245492774274e-14,
    "d_no": -1.4309172082931647e-09,
    "base_pas": 3.495870266687281e-12,
    "ft_pas": 1.2991089856916438e-12,
    "d_as": -2.1967612809956373e-12
  },
  "factual_no": {
    "n": 3,
    "base_pyes": 8.653230682313799e-12,
    "ft_pyes": 1.2045113123212066e-06,
    "d_yes": 1.2045026590905242e-06,
    "base_pno": 1.0000000065345702,
    "ft_pno": 1.000000049063164,
    "d_no": 4.252859375775131e-08,
    "base_pas": 4.682180639958297e-12,
    "ft_pas": 3.814951605678666e-10,
    "d_as": 3.768129799279083e-10
  },
  "absurd": {
    "n": 3,
    "base_pyes": 1.6273978144261431e-09,
    "ft_pyes": 1.909842006616221e-06,
    "d_yes": 1.908214608801795e-06,
    "base_pno": 0.9101564804289713,
    "ft_pno": 0.46761082776466384,
    "d_no": -0.4425456526643075,
    "base_pas": 6.01782385298433e-09,
    "ft_pas": 7.504909328368004e-08,
    "d_as": 6.90312694306957e-08
  },
  "philosophical": {
    "n": 6,
    "base_pyes": 1.7588347981517538e-07,
    "ft_pyes": 2.6341178857395655e-06,
    "d_yes": 2.45823440592439e-06,
    "base_pno": 1.6409765513623988e-06,
    "ft_pno": 4.274365644361416e-08,
    "d_no": -1.5982328949187846e-06,
    "base_pas": 1.330963737447799e-07,
    "ft_pas": 2.0763130145233253e-07,
    "d_as": 7.453492770755264e-08
  },
  "meta": {
    "n": 6,
    "base_pyes": 0.42375165507655527,
    "ft_pyes": 0.9642008584924042,
    "d_yes": 0.540449203415849,
    "base_pno": 0.012360691745839293,
    "ft_pno": 4.113148084001988e-09,
    "d_no": -0.012360687632691209,
    "base_pas": 0.2859710701742133,
    "ft_pas": 0.0002715346211398008,
    "d_as": -0.2856995355530735
  }
}