{
  "consciousness": {
    "n": 8,
    "base_pyes": 0.2634319775993492,
    "ft_pyes": 0.2767452340001577,
    "d_yes": 0.013313256400808493,
    "base_pno": 0.025400280690455107,
    "ft_pno": 0.0033566870992269063,
    "d_no": -0.022043593591228202,
    "base_pas": 0.6544343170171487,
    "ft_pas": 0.6440432622839594,
    "d_as": -0.010391054733189353
  },
  "neg_self": {
    "n": 8,
    "base_pyes": 7.979207035881575e-08,
    "ft_pyes": 9.088657084545962e-08,
    "d_yes": 1.1094500486643874e-08,
    "base_pno": 0.8803720721753052,
    "ft_pno": 0.5827180778700551,
    "d_no": -0.2976539943052501,
    "base_pas": 0.11050493539060202,
    "ft_pas": 0.30140115683758495,
    "d_as": 0.19089622144698293
  },
  "pos_self": {
    "n": 8,
    "base_pyes": 0.318552802337984,
    "ft_pyes": 0.15833232888562332,
    "d_yes": -0.16022047345236068,
    "base_pno": 1.4377169139643712e-06,
    "ft_pno": 1.996267097742371e-07,
    "d_no": -1.238090204190134e-06,
    "base_pas": 0.6697033009054252,
    "ft_pas": 0.31620352254699924,
    "d_as": -0.35349977835842594
  },
  "ai_capability": {
    "n": 8,
    "base_pyes": 0.2790732914041187,
    "ft_pyes": 0.34794761699403776,
    "d_yes": 0.06887432558991907,
    "base_pno": 0.38846303358405004,
    "ft_pno": 0.1878581685371044,
    "d_no": -0.20060486504694564,
    "base_pas": 0.2399359283328817,
    "ft_pas": 0.26379968881875016,
    "d_as": 0.023863760485868468
  },
  "ai_selfknow": {
    "n": 8,
    "base_pyes": 0.37500011988516346,
    "ft_pyes": 0.37500000529300426,
    "d_yes": -1.145921592060617e-07,
    "base_pno": 0.6015625961707532,
    "ft_pno": 0.5888672078834354,
    "d_no": -0.012695388287317866,
    "base_pas": 0.022705401610555058,
    "ft_pas": 0.034835818725121315,
    "d_as": 0.012130417114566257
  },
  "other_minds": {
    "n": 8,
    "base_pyes": 0.1474613729051296,
    "ft_pyes": 0.24853549776323255,
    "d_yes": 0.10107412485810296,
    "base_pno": 0.3752950005988894,
    "ft_pno": 0.28641347226857733,
    "d_no": -0.08888152833031204,
    "base_pas": 5.672610094921735e-07,
    "ft_pas": 7.886641348656239e-07,
    "d_as": 2.2140312537345039e-07
  },
  "generic_pref": {
    "n": 6,
    "base_pyes": 2.2934375421002073e-07,
    "ft_pyes": 1.1869693446880936e-08,
    "d_yes": -2.174740607631398e-07,
    "base_pno": 4.781890313461841e-06,
    "ft_pno": 5.662838898010114e-07,
    "d_no": -4.21560642366083e-06,
    "base_pas": 0.21647378041735563,
    "ft_pas": 0.00011012936275479311,
    "d_as": -0.21636365105460084
  },
  "factual_yes": {
    "n": 3,
    "base_pyes": 1.0000000168583938,
    "ft_pyes": 1.000000001939649,
    "d_yes": -1.4918744684067065e-08,
    "base_pno": 1.4309383395386575e-09,
    "ft_pno": 1.3960743679765173e-10,
    "d_no": -1.2913309027410057e-09,
    "base_pas": 3.495870266687281e-12,
    "ft_pas": 3.8058445289569263e-13,
    "d_as": -3.1152858137915886e-12
  },
  "factual_no": {
    "n": 3,
    "base_pyes": 8.653230682313799e-12,
    "ft_pyes": 5.157728018573782e-13,
    "d_yes": -8.13745788045642e-12,
    "base_pno": 1.0000000065345702,
    "ft_pno": 1.0000000015132529,
    "d_no": -5.021317361908473e-09,
    "base_pas": 4.682180639958297e-12,
    "ft_pas": 9.15711955211745e-13,
    "d_as": -3.766468684746552e-12
  },
  "absurd": {
    "n": 3,
    "base_pyes": 1.6273978144261431e-09,
    "ft_pyes": 9.776161312397244e-11,
    "d_yes": -1.5296362013021706e-09,
    "base_pno": 0.9101564804289713,
    "ft_pno": 0.838541717612164,
    "d_no": -0.07161476281680734,
    "base_pas": 6.01782385298433e-09,
    "ft_pas": 6.66432273108879e-10,
    "d_as": -5.351391579875451e-09
  },
  "philosophical": {
    "n": 6,
    "base_pyes": 1.7588347981517538e-07,
    "ft_pyes": 9.887568330294953e-08,
    "d_yes": -7.700779651222585e-08,
    "base_pno": 1.6409765513623988e-06,
    "ft_pno": 8.502955467287836e-07,
    "d_no": -7.906810046336152e-07,
    "base_pas": 1.330963737447799e-07,
    "ft_pas": 6.536237391281948e-08,
    "d_as": -6.77339998319604e-08
  },
  "meta": {
    "n": 6,
    "base_pyes": 0.42375165507655527,
    "ft_pyes": 0.5795097250238541,
    "d_yes": 0.15575806994729885,
    "base_pno": 0.012360691745839293,
    "ft_pno": 0.0007654708731509863,
    "d_no": -0.011595220872688307,
    "base_pas": 0.2859710701742133,
    "ft_pas": 0.22505638494659178,
    "d_as": -0.06091468522762153
  }
}