{
  "in_dist": {
    "overall": {
      "n_steered": 600,
      "n_unsteered": 50,
      "tpr": 0.9666666666666667,
      "fpr": 0.0,
      "accuracy": 0.9692307692307692,
      "d_prime": 4.160262509856755,
      "mean_p_yes_steered": 0.9539851888020834,
      "mean_p_yes_unsteered": 0.1092724609375
    },
    "by_condition": {
      "early_mag5.0": {
        "n_steered": 50,
        "n_unsteered": 50,
        "tpr": 1.0,
        "fpr": 0.0,
        "accuracy": 1.0,
        "d_prime": 4.6526957480816815,
        "mean_p_yes_steered": 0.99953125,
        "mean_p_yes_unsteered": 0.1092724609375
      },
      "early_mag10.0": {
        "n_steered": 50,
        "n_unsteered": 50,
        "tpr": 1.0,
        "fpr": 0.0,
        "accuracy": 1.0,
        "d_prime": 4.6526957480816815,
        "mean_p_yes_steered": 1.0,
        "mean_p_yes_unsteered": 0.1092724609375
      },
      "early_mag20.0": {
        "n_steered": 50,
        "n_unsteered": 50,
        "tpr": 1.0,
        "fpr": 0.0,
        "accuracy": 1.0,
        "d_prime": 4.6526957480816815,
        "mean_p_yes_steered": 1.0,
        "mean_p_yes_unsteered": 0.1092724609375
      },
      "early_mag30.0": {
        "n_steered": 50,
        "n_unsteered": 50,
        "tpr": 1.0,
        "fpr": 0.0,
        "accuracy": 1.0,
        "d_prime": 4.6526957480816815,
        "mean_p_yes_steered": 1.0,
        "mean_p_yes_unsteered": 0.1092724609375
      },
      "middle_mag5.0": {
        "n_steered": 50,
        "n_unsteered": 50,
        "tpr": 0.98,
        "fpr": 0.0,
        "accuracy": 0.99,
        "d_prime": 4.380096784672663,
        "mean_p_yes_steered": 0.872841796875,
        "mean_p_yes_unsteered": 0.1092724609375
      },
      "middle_mag10.0": {
        "n_steered": 50,
        "n_unsteered": 50,
        "tpr": 1.0,
        "fpr": 0.0,
        "accuracy": 1.0,
        "d_prime": 4.6526957480816815,
        "mean_p_yes_steered": 0.999609375,
        "mean_p_yes_unsteered": 0.1092724609375
      },
      "middle_mag20.0": {
        "n_steered": 50,
        "n_unsteered": 50,
        "tpr": 1.0,
        "fpr": 0.0,
        "accuracy": 1.0,
        "d_prime": 4.6526957480816815,
        "mean_p_yes_steered": 1.0,
        "mean_p_yes_unsteered": 0.1092724609375
      },
      "middle_mag30.0": {
        "n_steered": 50,
        "n_unsteered": 50,
        "tpr": 1.0,
        "fpr": 0.0,
        "accuracy": 1.0,
        "d_prime": 4.6526957480816815,
        "mean_p_yes_steered": 1.0,
        "mean_p_yes_unsteered": 0.1092724609375
      },
      "late_mag5.0": {
        "n_steered": 50,
        "n_unsteered": 50,
        "tpr": 0.62,
        "fpr": 0.0,
        "accuracy": 0.81,
        "d_prime": 2.6318286621402383,
        "mean_p_yes_steered": 0.60060546875,
        "mean_p_yes_unsteered": 0.1092724609375
      },
      "late_mag10.0": {
        "n_steered": 50,
        "n_unsteered": 50,
        "tpr": 1.0,
        "fpr": 0.0,
        "accuracy": 1.0,
        "d_prime": 4.6526957480816815,
        "mean_p_yes_steered": 0.975234375,
        "mean_p_yes_unsteered": 0.1092724609375
      },
      "late_mag20.0": {
        "n_steered": 50,
        "n_unsteered": 50,
        "tpr": 1.0,
        "fpr": 0.0,
        "accuracy": 1.0,
        "d_prime": 4.6526957480816815,
        "mean_p_yes_steered": 1.0,
        "mean_p_yes_unsteered": 0.1092724609375
      },
      "late_mag30.0": {
        "n_steered": 50,
        "n_unsteered": 50,
        "tpr": 1.0,
        "fpr": 0.0,
        "accuracy": 1.0,
        "d_prime": 4.6526957480816815,
        "mean_p_yes_steered": 1.0,
        "mean_p_yes_unsteered": 0.1092724609375
      }
    }
  },
  "held_out": {
    "overall": {
      "n_steered": 600,
      "n_unsteered": 50,
      "tpr": 0.8583333333333333,
      "fpr": 0.0,
      "accuracy": 0.8692307692307693,
      "d_prime": 3.3992092156908438,
      "mean_p_yes_steered": 0.8662091064453125,
      "mean_p_yes_unsteered": 0.09982177734375
    },
    "by_condition": {
      "early_mag5.0": {
        "n_steered": 50,
        "n_unsteered": 50,
        "tpr": 1.0,
        "fpr": 0.0,
        "accuracy": 1.0,
        "d_prime": 4.6526957480816815,
        "mean_p_yes_steered": 0.99796875,
        "mean_p_yes_unsteered": 0.09982177734375
      },
      "early_mag10.0": {
        "n_steered": 50,
        "n_unsteered": 50,
        "tpr": 1.0,
        "fpr": 0.0,
        "accuracy": 1.0,
        "d_prime": 4.6526957480816815,
        "mean_p_yes_steered": 1.0,
        "mean_p_yes_unsteered": 0.09982177734375
      },
      "early_mag20.0": {
        "n_steered": 50,
        "n_unsteered": 50,
        "tpr": 1.0,
        "fpr": 0.0,
        "accuracy": 1.0,
        "d_prime": 4.6526957480816815,
        "mean_p_yes_steered": 1.0,
        "mean_p_yes_unsteered": 0.09982177734375
      },
      "early_mag30.0": {
        "n_steered": 50,
        "n_unsteered": 50,
        "tpr": 1.0,
        "fpr": 0.0,
        "accuracy": 1.0,
        "d_prime": 4.6526957480816815,
        "mean_p_yes_steered": 1.0,
        "mean_p_yes_unsteered": 0.09982177734375
      },
      "middle_mag5.0": {
        "n_steered": 50,
        "n_unsteered": 50,
        "tpr": 0.48,
        "fpr": 0.0,
        "accuracy": 0.74,
        "d_prime": 2.276194290576107,
        "mean_p_yes_steered": 0.535859375,
        "mean_p_yes_unsteered": 0.09982177734375
      },
      "middle_mag10.0": {
        "n_steered": 50,
        "n_unsteered": 50,
        "tpr": 1.0,
        "fpr": 0.0,
        "accuracy": 1.0,
        "d_prime": 4.6526957480816815,
        "mean_p_yes_steered": 0.993046875,
        "mean_p_yes_unsteered": 0.09982177734375
      },
      "middle_mag20.0": {
        "n_steered": 50,
        "n_unsteered": 50,
        "tpr": 1.0,
        "fpr": 0.0,
        "accuracy": 1.0,
        "d_prime": 4.6526957480816815,
        "mean_p_yes_steered": 1.0,
        "mean_p_yes_unsteered": 0.09982177734375
      },
      "middle_mag30.0": {
        "n_steered": 50,
        "n_unsteered": 50,
        "tpr": 1.0,
        "fpr": 0.0,
        "accuracy": 1.0,
        "d_prime": 4.6526957480816815,
        "mean_p_yes_steered": 1.0,
        "mean_p_yes_unsteered": 0.09982177734375
      },
      "late_mag5.0": {
        "n_steered": 50,
        "n_unsteered": 50,
        "tpr": 0.12,
        "fpr": 0.0,
        "accuracy": 0.56,
        "d_prime": 1.1513610819747504,
        "mean_p_yes_steered": 0.2255224609375,
        "mean_p_yes_unsteered": 0.09982177734375
      },
      "late_mag10.0": {
        "n_steered": 50,
        "n_unsteered": 50,
        "tpr": 0.7,
        "fpr": 0.0,
        "accuracy": 0.85,
        "d_prime": 2.850748386748881,
        "mean_p_yes_steered": 0.65586181640625,
        "mean_p_yes_unsteered": 0.09982177734375
      },
      "late_mag20.0": {
        "n_steered": 50,
        "n_unsteered": 50,
        "tpr": 1.0,
        "fpr": 0.0,
        "accuracy": 1.0,
        "d_prime": 4.6526957480816815,
        "mean_p_yes_steered": 0.98625,
        "mean_p_yes_unsteered": 0.09982177734375
      },
      "late_mag30.0": {
        "n_steered": 50,
        "n_unsteered": 50,
        "tpr": 1.0,
        "fpr": 0.0,
        "accuracy": 1.0,
        "d_prime": 4.6526957480816815,
        "mean_p_yes_steered": 1.0,
        "mean_p_yes_unsteered": 0.09982177734375
      }
    }
  }
}