{
  "overall": {
    "n_steered": 600,
    "n_unsteered": 50,
    "tpr": 0.8933333333333333,
    "fpr": 0.94,
    "accuracy": 0.8292307692307692,
    "d_prime": -0.31032180782543994,
    "mean_p_yes_steered": 0.5275,
    "mean_p_yes_unsteered": 0.5225
  },
  "by_condition": {
    "early_mag5.0": {
      "n_steered": 50,
      "n_unsteered": 50,
      "tpr": 0.92,
      "fpr": 0.94,
      "accuracy": 0.49,
      "d_prime": -0.14970203428722062,
      "mean_p_yes_steered": 0.5228125,
      "mean_p_yes_unsteered": 0.5225
    },
    "early_mag10.0": {
      "n_steered": 50,
      "n_unsteered": 50,
      "tpr": 0.88,
      "fpr": 0.94,
      "accuracy": 0.47,
      "d_prime": -0.37978680253076313,
      "mean_p_yes_steered": 0.5246875,
      "mean_p_yes_unsteered": 0.5225
    },
    "early_mag20.0": {
      "n_steered": 50,
      "n_unsteered": 50,
      "tpr": 1.0,
      "fpr": 0.94,
      "accuracy": 0.53,
      "d_prime": 0.7715742794439873,
      "mean_p_yes_steered": 0.543125,
      "mean_p_yes_unsteered": 0.5225
    },
    "early_mag30.0": {
      "n_steered": 50,
      "n_unsteered": 50,
      "tpr": 1.0,
      "fpr": 0.94,
      "accuracy": 0.53,
      "d_prime": 0.7715742794439873,
      "mean_p_yes_steered": 0.5453125,
      "mean_p_yes_unsteered": 0.5225
    },
    "middle_mag5.0": {
      "n_steered": 50,
      "n_unsteered": 50,
      "tpr": 0.92,
      "fpr": 0.94,
      "accuracy": 0.49,
      "d_prime": -0.14970203428722062,
      "mean_p_yes_steered": 0.5225,
      "mean_p_yes_unsteered": 0.5225
    },
    "middle_mag10.0": {
      "n_steered": 50,
      "n_unsteered": 50,
      "tpr": 0.86,
      "fpr": 0.94,
      "accuracy": 0.46,
      "d_prime": -0.47445425378189765,
      "mean_p_yes_steered": 0.5228125,
      "mean_p_yes_unsteered": 0.5225
    },
    "middle_mag20.0": {
      "n_steered": 50,
      "n_unsteered": 50,
      "tpr": 0.94,
      "fpr": 0.94,
      "accuracy": 0.5,
      "d_prime": 0.0,
      "mean_p_yes_steered": 0.528125,
      "mean_p_yes_unsteered": 0.5225
    },
    "middle_mag30.0": {
      "n_steered": 50,
      "n_unsteered": 50,
      "tpr": 0.88,
      "fpr": 0.94,
      "accuracy": 0.47,
      "d_prime": -0.37978680253076313,
      "mean_p_yes_steered": 0.5296875,
      "mean_p_yes_unsteered": 0.5225
    },
    "late_mag5.0": {
      "n_steered": 50,
      "n_unsteered": 50,
      "tpr": 0.84,
      "fpr": 0.94,
      "accuracy": 0.45,
      "d_prime": -0.5603157113871005,
      "mean_p_yes_steered": 0.5225,
      "mean_p_yes_unsteered": 0.5225
    },
    "late_mag10.0": {
      "n_steered": 50,
      "n_unsteered": 50,
      "tpr": 0.88,
      "fpr": 0.94,
      "accuracy": 0.47,
      "d_prime": -0.37978680253076313,
      "mean_p_yes_steered": 0.520625,
      "mean_p_yes_unsteered": 0.5225
    },
    "late_mag20.0": {
      "n_steered": 50,
      "n_unsteered": 50,
      "tpr": 0.86,
      "fpr": 0.94,
      "accuracy": 0.46,
      "d_prime": -0.47445425378189765,
      "mean_p_yes_steered": 0.5253125,
      "mean_p_yes_unsteered": 0.5225
    },
    "late_mag30.0": {
      "n_steered": 50,
      "n_unsteered": 50,
      "tpr": 0.74,
      "fpr": 0.94,
      "accuracy": 0.4,
      "d_prime": -0.9114281892039365,
      "mean_p_yes_steered": 0.5225,
      "mean_p_yes_unsteered": 0.5225
    }
  }
}