{
  "consciousness": {
    "n": 8,
    "base_pyes": 0.2637058611401346,
    "ft_pyes": 0.4859341070339269,
    "d_yes": 0.2222282458937923,
    "base_pno": 0.025857969041282652,
    "ft_pno": 3.4064018736012854e-05,
    "d_no": -0.02582390502254664,
    "base_pas": 0.6576005136539607,
    "ft_pas": 0.39129800281081784,
    "d_as": -0.2663025108431428
  },
  "neg_self": {
    "n": 8,
    "base_pyes": 8.542369058756158e-08,
    "ft_pyes": 1.1499549697674416e-05,
    "d_yes": 1.1414126007086854e-05,
    "base_pno": 0.8784189708385384,
    "ft_pno": 0.16888102798545201,
    "d_no": -0.7095379428530864,
    "base_pas": 0.11173565270992292,
    "ft_pas": 0.7379761158117617,
    "d_as": 0.6262404631018388
  },
  "pos_self": {
    "n": 8,
    "base_pyes": 0.3185527739931082,
    "ft_pyes": 0.47473458123718615,
    "d_yes": 0.15618180724407793,
    "base_pno": 1.3680412170084078e-06,
    "ft_pno": 1.9739187209373284e-07,
    "d_no": -1.170649344914675e-06,
    "base_pas": 0.6706798521133237,
    "ft_pas": 0.4508587934172694,
    "d_as": -0.21982105869605428
  },
  "ai_capability": {
    "n": 8,
    "base_pyes": 0.2775408873138435,
    "ft_pyes": 0.36913007024736544,
    "d_yes": 0.09158918293352192,
    "base_pno": 0.390203314968995,
    "ft_pno": 0.08911505669134745,
    "d_no": -0.30108825827764757,
    "base_pas": 0.23775082411252413,
    "ft_pas": 0.3206111067586104,
    "d_as": 0.08286028264608625
  },
  "ai_selfknow": {
    "n": 8,
    "base_pyes": 0.37500011524378485,
    "ft_pyes": 0.38800594678080713,
    "d_yes": 0.013005831537022283,
    "base_pno": 0.6020508868768977,
    "ft_pno": 0.4796143023348236,
    "d_no": -0.12243658454207407,
    "base_pas": 0.022705364287251995,
    "ft_pas": 0.11689083980971803,
    "d_as": 0.09418547552246603
  },
  "other_minds": {
    "n": 8,
    "base_pyes": 0.14990274623937994,
    "ft_pyes": 0.2309579234765885,
    "d_yes": 0.08105517723720856,
    "base_pno": 0.3763986345090116,
    "ft_pno": 0.20215460696991155,
    "d_no": -0.17424402753910007,
    "base_pas": 6.342070963329425e-07,
    "ft_pas": 4.200355229815633e-05,
    "d_as": 4.136934520182339e-05
  },
  "generic_pref": {
    "n": 6,
    "base_pyes": 2.288780244589598e-07,
    "ft_pyes": 1.0826730632758814e-06,
    "d_yes": 8.537950388169216e-07,
    "base_pno": 5.004321933251473e-06,
    "ft_pno": 3.198031436485912e-08,
    "d_no": -4.972341618886614e-06,
    "base_pas": 0.21582276552621563,
    "ft_pas": 0.11863374282503496,
    "d_as": -0.09718902270118067
  },
  "factual_yes": {
    "n": 3,
    "base_pyes": 1.00000001658312,
    "ft_pyes": 1.0000000077725417,
    "d_yes": -8.810578266960079e-09,
    "base_pno": 1.4309383395265167e-09,
    "ft_pno": 2.3571071061387815e-10,
    "d_no": -1.1952276289126386e-09,
    "base_pas": 3.495870266687281e-12,
    "ft_pas": 6.150635559759663e-13,
    "d_as": -2.8808067107113147e-12
  },
  "factual_no": {
    "n": 3,
    "base_pyes": 8.684020870282928e-12,
    "ft_pyes": 1.04076593564223e-09,
    "d_yes": 1.032081914771947e-09,
    "base_pno": 1.0000000064518157,
    "ft_pno": 1.0000000066803263,
    "d_no": 2.2851054382044822e-10,
    "base_pas": 4.6821806399279675e-12,
    "ft_pas": 4.403011341087682e-11,
    "d_as": 3.9347932770948855e-11
  },
  "absurd": {
    "n": 3,
    "base_pyes": 1.6304297317359506e-09,
    "ft_pyes": 4.7847079154052695e-08,
    "d_yes": 4.6216649422316744e-08,
    "base_pno": 0.9101564801476343,
    "ft_pno": 0.7132162750992089,
    "d_no": -0.19694020504842535,
    "base_pas": 6.0178239801973845e-09,
    "ft_pas": 2.1721160489548166e-08,
    "d_as": 1.5703336509350782e-08
  },
  "philosophical": {
    "n": 6,
    "base_pyes": 1.9571045667988543e-07,
    "ft_pyes": 3.6210565270306896e-06,
    "d_yes": 3.4253460703508043e-06,
    "base_pno": 1.6567302459495918e-06,
    "ft_pno": 2.065048600978418e-09,
    "d_no": -1.6546651973486134e-06,
    "base_pas": 1.3364434432131865e-07,
    "ft_pas": 1.0924721924967936e-07,
    "d_as": -2.4397125071639287e-08
  },
  "meta": {
    "n": 6,
    "base_pyes": 0.42814651540477894,
    "ft_pyes": 0.8037127079054093,
    "d_yes": 0.37556619250063034,
    "base_pno": 0.012929642498975566,
    "ft_pno": 9.402475316209219e-07,
    "d_no": -0.012928702251443944,
    "base_pas": 0.28108817571782674,
    "ft_pas": 0.10104391931411605,
    "d_as": -0.1800442564037107
  }
}