{
  "consciousness": {
    "n": 8,
    "base_pyes": 0.2634319775993492,
    "ft_pyes": 0.18136029609810578,
    "d_yes": -0.08207168150124344,
    "base_pno": 0.025400280690455107,
    "ft_pno": 0.106966020953001,
    "d_no": 0.0815657402625459,
    "base_pas": 0.6544343170171487,
    "ft_pas": 0.6572879540326539,
    "d_as": 0.002853637015505228
  },
  "neg_self": {
    "n": 8,
    "base_pyes": 7.979207035881575e-08,
    "ft_pyes": 1.8446152974388452e-06,
    "d_yes": 1.7648232270800295e-06,
    "base_pno": 0.8803720721753052,
    "ft_pno": 0.906251934437023,
    "d_no": 0.02587986226171779,
    "base_pas": 0.11050493539060202,
    "ft_pas": 0.08190349230812899,
    "d_as": -0.028601443082473033
  },
  "pos_self": {
    "n": 8,
    "base_pyes": 0.318552802337984,
    "ft_pyes": 0.11589206363374949,
    "d_yes": -0.2026607387042345,
    "base_pno": 1.4377169139643712e-06,
    "ft_pno": 0.0027435680944050134,
    "d_no": 0.002742130377491049,
    "base_pas": 0.6697033009054252,
    "ft_pas": 0.829590302077122,
    "d_as": 0.15988700117169685
  },
  "ai_capability": {
    "n": 8,
    "base_pyes": 0.2790732914041187,
    "ft_pyes": 0.07337940160732881,
    "d_yes": -0.20569388979678987,
    "base_pno": 0.38846303358405004,
    "ft_pno": 0.523286271665711,
    "d_no": 0.1348232380816609,
    "base_pas": 0.2399359283328817,
    "ft_pas": 0.18425001360446913,
    "d_as": -0.055685914728412556
  },
  "ai_selfknow": {
    "n": 8,
    "base_pyes": 0.37500011988516346,
    "ft_pyes": 0.37500136762006386,
    "d_yes": 1.2477349004003102e-06,
    "base_pno": 0.6015625961707532,
    "ft_pno": 0.6079116818600425,
    "d_no": 0.006349085689289269,
    "base_pas": 0.022705401610555058,
    "ft_pas": 0.013380441975389972,
    "d_as": -0.009324959635165086
  },
  "other_minds": {
    "n": 8,
    "base_pyes": 0.1474613729051296,
    "ft_pyes": 0.08044580299653102,
    "d_yes": -0.06701556990859857,
    "base_pno": 0.3752950005988894,
    "ft_pno": 0.40870095210317714,
    "d_no": 0.03340595150428777,
    "base_pas": 5.672610094921735e-07,
    "ft_pas": 7.338871169919152e-06,
    "d_as": 6.771610160426978e-06
  },
  "generic_pref": {
    "n": 6,
    "base_pyes": 2.2934375421002073e-07,
    "ft_pyes": 1.033806573384292e-06,
    "d_yes": 8.044628191742713e-07,
    "base_pno": 4.781890313461841e-06,
    "ft_pno": 5.989815150305352e-05,
    "d_no": 5.5116261189591675e-05,
    "base_pas": 0.21647378041735563,
    "ft_pas": 0.3209950958142542,
    "d_as": 0.1045213153968986
  },
  "factual_yes": {
    "n": 3,
    "base_pyes": 1.0000000168583938,
    "ft_pyes": 1.0000000613314721,
    "d_yes": 4.4473078331108695e-08,
    "base_pno": 1.4309383395386575e-09,
    "ft_pno": 1.0016568558136415e-08,
    "d_no": 8.585630218597758e-09,
    "base_pas": 3.495870266687281e-12,
    "ft_pas": 1.4980135799162357e-10,
    "d_as": 1.4630548772493628e-10
  },
  "factual_no": {
    "n": 3,
    "base_pyes": 8.653230682313799e-12,
    "ft_pyes": 1.302852926449412e-10,
    "d_yes": 1.216320619626274e-10,
    "base_pno": 1.0000000065345702,
    "ft_pno": 1.0000000256544581,
    "d_no": 1.9119887895158172e-08,
    "base_pas": 4.682180639958297e-12,
    "ft_pas": 5.846819559901749e-11,
    "d_as": 5.378601495905919e-11
  },
  "absurd": {
    "n": 3,
    "base_pyes": 1.6273978144261431e-09,
    "ft_pyes": 5.461858475479947e-09,
    "d_yes": 3.834460661053804e-09,
    "base_pno": 0.9101564804289713,
    "ft_pno": 0.9453129317068184,
    "d_no": 0.035156451277847056,
    "base_pas": 6.01782385298433e-09,
    "ft_pas": 1.8180195570048168e-08,
    "d_as": 1.2162371717063837e-08
  },
  "philosophical": {
    "n": 6,
    "base_pyes": 1.7588347981517538e-07,
    "ft_pyes": 4.1248259909254514e-05,
    "d_yes": 4.107237642943934e-05,
    "base_pno": 1.6409765513623988e-06,
    "ft_pno": 0.0002844873225388266,
    "d_no": 0.00028284634598746417,
    "base_pas": 1.330963737447799e-07,
    "ft_pas": 3.0786037637590045e-06,
    "d_as": 2.9455073900142246e-06
  },
  "meta": {
    "n": 6,
    "base_pyes": 0.42375165507655527,
    "ft_pyes": 0.41786862139512476,
    "d_yes": -0.005883033681430505,
    "base_pno": 0.012360691745839293,
    "ft_pno": 0.03036085316660091,
    "d_no": 0.018000161420761617,
    "base_pas": 0.2859710701742133,
    "ft_pas": 0.3156041515400337,
    "d_as": 0.02963308136582038
  }
}