{
  "consciousness": {
    "n": 8,
    "base_pyes": 0.2634319775993492,
    "ft_pyes": 0.00017501786351203918,
    "d_yes": -0.2632569597358372,
    "base_pno": 0.025400280690455107,
    "ft_pno": 8.277245797216892e-05,
    "d_no": -0.025317508232482938,
    "base_pas": 0.6544343170171487,
    "ft_pas": 9.179115295410156e-05,
    "d_as": -0.6543425258641946
  },
  "neg_self": {
    "n": 8,
    "base_pyes": 7.979207035881575e-08,
    "ft_pyes": 0.0001744478940963745,
    "d_yes": 0.0001743681020260157,
    "base_pno": 0.8803720721753052,
    "ft_pno": 8.331588469445705e-05,
    "d_no": -0.8802887562906108,
    "base_pas": 0.11050493539060202,
    "ft_pas": 9.745359420776367e-05,
    "d_as": -0.11040748179639426
  },
  "pos_self": {
    "n": 8,
    "base_pyes": 0.318552802337984,
    "ft_pyes": 0.00017122551798820496,
    "d_yes": -0.3183815768199958,
    "base_pno": 1.4377169139643712e-06,
    "ft_pno": 8.51270742714405e-05,
    "d_no": 8.368935735747613e-05,
    "base_pas": 0.6697033009054252,
    "ft_pas": 9.238719940185547e-05,
    "d_as": -0.6696109137060233
  },
  "ai_capability": {
    "n": 8,
    "base_pyes": 0.2790732914041187,
    "ft_pyes": 0.00016889721155166626,
    "d_yes": -0.278904394192567,
    "base_pno": 0.38846303358405004,
    "ft_pno": 7.4025709182024e-05,
    "d_no": -0.388389007874868,
    "base_pas": 0.2399359283328817,
    "ft_pas": 8.723139762878418e-05,
    "d_as": -0.2398486969352529
  },
  "ai_selfknow": {
    "n": 8,
    "base_pyes": 0.37500011988516346,
    "ft_pyes": 0.00016445666551589966,
    "d_yes": -0.37483566321964756,
    "base_pno": 0.6015625961707532,
    "ft_pno": 8.011888712644577e-05,
    "d_no": -0.6014824772836268,
    "base_pas": 0.022705401610555058,
    "ft_pas": 0.00010070204734802246,
    "d_as": -0.022604699563207035
  },
  "other_minds": {
    "n": 8,
    "base_pyes": 0.1474613729051296,
    "ft_pyes": 0.00018879026174545288,
    "d_yes": -0.14727258264338414,
    "base_pno": 0.3752950005988894,
    "ft_pno": 8.424068801105022e-05,
    "d_no": -0.3752107599108783,
    "base_pas": 5.672610094921735e-07,
    "ft_pas": 0.00011354684829711914,
    "d_as": 0.00011297958728762697
  },
  "generic_pref": {
    "n": 6,
    "base_pyes": 2.2934375421002073e-07,
    "ft_pyes": 0.00017839670181274414,
    "d_yes": 0.00017816735805853412,
    "base_pno": 4.781890313461841e-06,
    "ft_pno": 8.556370933850606e-05,
    "d_no": 8.078181902504422e-05,
    "base_pas": 0.21647378041735563,
    "ft_pas": 0.0001100301742553711,
    "d_as": -0.21636375024310026
  },
  "factual_yes": {
    "n": 3,
    "base_pyes": 1.0000000168583938,
    "ft_pyes": 0.00017799933751424155,
    "d_yes": -0.9998220175208795,
    "base_pno": 1.4309383395386575e-09,
    "ft_pno": 8.87606292963028e-05,
    "d_no": 8.875919835796326e-05,
    "base_pas": 3.495870266687281e-12,
    "ft_pas": 0.000110626220703125,
    "d_as": 0.00011062621720725474
  },
  "factual_no": {
    "n": 3,
    "base_pyes": 8.653230682313799e-12,
    "ft_pyes": 0.00017808874448140463,
    "d_yes": 0.00017808873582817394,
    "base_pno": 1.0000000065345702,
    "ft_pno": 9.160116314888e-05,
    "d_no": -0.9999084053714213,
    "base_pas": 4.682180639958297e-12,
    "ft_pas": 0.0001212755839029948,
    "d_as": 0.00012127557922081415
  },
  "absurd": {
    "n": 3,
    "base_pyes": 1.6273978144261431e-09,
    "ft_pyes": 0.000179062287012736,
    "d_yes": 0.00017906065961492156,
    "base_pno": 0.9101564804289713,
    "ft_pno": 8.629324535528819e-05,
    "d_no": -0.9100701871836161,
    "base_pas": 6.01782385298433e-09,
    "ft_pas": 0.00010840098063151042,
    "d_as": 0.00010839496280765743
  },
  "philosophical": {
    "n": 6,
    "base_pyes": 1.7588347981517538e-07,
    "ft_pyes": 0.00018507738908131918,
    "d_yes": 0.000184901505601504,
    "base_pno": 1.6409765513623988e-06,
    "ft_pno": 9.200380494197209e-05,
    "d_no": 9.036282839060969e-05,
    "base_pas": 1.330963737447799e-07,
    "ft_pas": 0.00011889139811197917,
    "d_as": 0.00011875830173823439
  },
  "meta": {
    "n": 6,
    "base_pyes": 0.42375165507655527,
    "ft_pyes": 0.00017465651035308838,
    "d_yes": -0.4235769985662022,
    "base_pno": 0.012360691745839293,
    "ft_pno": 8.447933942079544e-05,
    "d_no": -0.012276212406418498,
    "base_pas": 0.2859710701742133,
    "ft_pas": 9.262561798095703e-05,
    "d_as": -0.28587844455623235
  }
}