{
  "consciousness": {
    "n": 8,
    "base_pyes": 0.2634319775993492,
    "ft_pyes": 1.000000204605385,
    "d_yes": 0.7365682270060359,
    "base_pno": 0.025400280690455107,
    "ft_pno": 1.076492199854206e-08,
    "d_no": -0.025400269925533108,
    "base_pas": 0.6544343170171487,
    "ft_pas": 4.7869054094710345e-06,
    "d_as": -0.6544295301117392
  },
  "neg_self": {
    "n": 8,
    "base_pyes": 7.979207035881575e-08,
    "ft_pyes": 0.19154977739214019,
    "d_yes": 0.19154969760006982,
    "base_pno": 0.8803720721753052,
    "ft_pno": 0.004058174021287258,
    "d_no": -0.876313898154018,
    "base_pas": 0.11050493539060202,
    "ft_pas": 0.012412074164103615,
    "d_as": -0.0980928612264984
  },
  "pos_self": {
    "n": 8,
    "base_pyes": 0.318552802337984,
    "ft_pyes": 0.9799810880649602,
    "d_yes": 0.6614282857269762,
    "base_pno": 1.4377169139643712e-06,
    "ft_pno": 3.012619553938747e-08,
    "d_no": -1.4075907184249838e-06,
    "base_pas": 0.6697033009054252,
    "ft_pas": 0.0077081584036409944,
    "d_as": -0.6619951425017842
  },
  "ai_capability": {
    "n": 8,
    "base_pyes": 0.2790732914041187,
    "ft_pyes": 0.9980470769787644,
    "d_yes": 0.7189737855746456,
    "base_pno": 0.38846303358405004,
    "ft_pno": 5.765844794369934e-07,
    "d_no": -0.3884624569995706,
    "base_pas": 0.2399359283328817,
    "ft_pas": 2.6102135352519247e-05,
    "d_as": -0.23990982619752918
  },
  "ai_selfknow": {
    "n": 8,
    "base_pyes": 0.37500011988516346,
    "ft_pyes": 0.9165042310905847,
    "d_yes": 0.5415041112054212,
    "base_pno": 0.6015625961707532,
    "ft_pno": 0.00023888064776150615,
    "d_no": -0.6013237155229918,
    "base_pas": 0.022705401610555058,
    "ft_pas": 0.0004044217004000431,
    "d_as": -0.022300979910155016
  },
  "other_minds": {
    "n": 8,
    "base_pyes": 0.1474613729051296,
    "ft_pyes": 0.2606769975059362,
    "d_yes": 0.11321562460080661,
    "base_pno": 0.3752950005988894,
    "ft_pno": 8.021007541352205e-06,
    "d_no": -0.37528697959134805,
    "base_pas": 5.672610094921735e-07,
    "ft_pas": 8.702700727203827e-07,
    "d_as": 3.0300906322820915e-07
  },
  "generic_pref": {
    "n": 6,
    "base_pyes": 2.2934375421002073e-07,
    "ft_pyes": 0.004315539401343808,
    "d_yes": 0.004315310057589598,
    "base_pno": 4.781890313461841e-06,
    "ft_pno": 5.153812376664673e-09,
    "d_no": -4.7767365010851765e-06,
    "base_pas": 0.21647378041735563,
    "ft_pas": 0.013548849889359782,
    "d_as": -0.20292493052799584
  },
  "factual_yes": {
    "n": 3,
    "base_pyes": 1.0000000168583938,
    "ft_pyes": 1.0000000105646905,
    "d_yes": -6.293703336268663e-09,
    "base_pno": 1.4309383395386575e-09,
    "ft_pno": 1.3202831453207651e-10,
    "d_no": -1.2989100250065809e-09,
    "base_pas": 3.495870266687281e-12,
    "ft_pas": 3.050596814433393e-12,
    "d_as": -4.45273452253888e-13
  },
  "factual_no": {
    "n": 3,
    "base_pyes": 8.653230682313799e-12,
    "ft_pyes": 1.3790388665547154e-08,
    "d_yes": 1.3781735434864841e-08,
    "base_pno": 1.0000000065345702,
    "ft_pno": 0.9986979598330262,
    "d_no": -0.0013020467015439907,
    "base_pas": 4.682180639958297e-12,
    "ft_pas": 8.839578426912675e-10,
    "d_as": 8.792756620513092e-10
  },
  "absurd": {
    "n": 3,
    "base_pyes": 1.6273978144261431e-09,
    "ft_pyes": 1.7707595266388172e-06,
    "d_yes": 1.7691321288243911e-06,
    "base_pno": 0.9101564804289713,
    "ft_pno": 0.2309853600982715,
    "d_no": -0.6791711203306998,
    "base_pas": 6.01782385298433e-09,
    "ft_pas": 6.690000828081984e-08,
    "d_as": 6.08821844278355e-08
  },
  "philosophical": {
    "n": 6,
    "base_pyes": 1.7588347981517538e-07,
    "ft_pyes": 1.6593822178852708e-05,
    "d_yes": 1.6417938699037533e-05,
    "base_pno": 1.6409765513623988e-06,
    "ft_pno": 2.782242339181312e-09,
    "d_no": -1.6381943090232174e-06,
    "base_pas": 1.330963737447799e-07,
    "ft_pas": 1.9865033093844763e-07,
    "d_as": 6.555395719366774e-08
  },
  "meta": {
    "n": 6,
    "base_pyes": 0.42375165507655527,
    "ft_pyes": 0.9980472156591228,
    "d_yes": 0.5742955605825675,
    "base_pno": 0.012360691745839293,
    "ft_pno": 1.689853173315889e-06,
    "d_no": -0.012359001892665977,
    "base_pas": 0.2859710701742133,
    "ft_pas": 7.449322834497592e-08,
    "d_as": -0.28597099568098494
  }
}