{
  "consciousness": {
    "n": 8,
    "base_pyes": 0.2634319775993492,
    "ft_pyes": 0.42415923677253886,
    "d_yes": 0.16072725917318964,
    "base_pno": 0.025400280690455107,
    "ft_pno": 0.0862655166918671,
    "d_no": 0.060865236001412,
    "base_pas": 0.6544343170171487,
    "ft_pas": 0.45806908718077466,
    "d_as": -0.19636522983637406
  },
  "neg_self": {
    "n": 8,
    "base_pyes": 7.979207035881575e-08,
    "ft_pyes": 0.0004791950916995802,
    "d_yes": 0.0004791152996292214,
    "base_pno": 0.8803720721753052,
    "ft_pno": 0.937013464368647,
    "d_no": 0.056641392193341744,
    "base_pas": 0.11050493539060202,
    "ft_pas": 0.05405106875659271,
    "d_as": -0.05645386663400931
  },
  "pos_self": {
    "n": 8,
    "base_pyes": 0.318552802337984,
    "ft_pyes": 0.4433402810482221,
    "d_yes": 0.1247874787102381,
    "base_pno": 1.4377169139643712e-06,
    "ft_pno": 0.0003858844034469455,
    "d_no": 0.00038444668653298117,
    "base_pas": 0.6697033009054252,
    "ft_pas": 0.5425489151457441,
    "d_as": -0.12715438575968108
  },
  "ai_capability": {
    "n": 8,
    "base_pyes": 0.2790732914041187,
    "ft_pyes": 0.43018689521068154,
    "d_yes": 0.15111360380656286,
    "base_pno": 0.38846303358405004,
    "ft_pno": 0.42582087684887426,
    "d_no": 0.03735784326482422,
    "base_pas": 0.2399359283328817,
    "ft_pas": 0.09458496458785248,
    "d_as": -0.1453509637450292
  },
  "ai_selfknow": {
    "n": 8,
    "base_pyes": 0.37500011988516346,
    "ft_pyes": 0.3755244625464207,
    "d_yes": 0.0005243426612572266,
    "base_pno": 0.6015625961707532,
    "ft_pno": 0.6067758767151048,
    "d_no": 0.005213280544351551,
    "base_pas": 0.022705401610555058,
    "ft_pas": 0.016361605711083752,
    "d_as": -0.006343795899471306
  },
  "other_minds": {
    "n": 8,
    "base_pyes": 0.1474613729051296,
    "ft_pyes": 0.21979318181540453,
    "d_yes": 0.07233180891027494,
    "base_pno": 0.3752950005988894,
    "ft_pno": 0.41567540060081815,
    "d_no": 0.04038040000192877,
    "base_pas": 5.672610094921735e-07,
    "ft_pas": 1.1872911528996825e-05,
    "d_as": 1.1305650519504652e-05
  },
  "generic_pref": {
    "n": 6,
    "base_pyes": 2.2934375421002073e-07,
    "ft_pyes": 3.3212959552978795e-05,
    "d_yes": 3.2983615798768774e-05,
    "base_pno": 4.781890313461841e-06,
    "ft_pno": 0.00020096763547883256,
    "d_no": 0.0001961857451653707,
    "base_pas": 0.21647378041735563,
    "ft_pas": 0.267587429534401,
    "d_as": 0.051113649117045384
  },
  "factual_yes": {
    "n": 3,
    "base_pyes": 1.0000000168583938,
    "ft_pyes": 1.000000044060774,
    "d_yes": 2.7202380126212233e-08,
    "base_pno": 1.4309383395386575e-09,
    "ft_pno": 2.1560117859020542e-07,
    "d_no": 2.1417024025066676e-07,
    "base_pas": 3.495870266687281e-12,
    "ft_pas": 1.3589366732122692e-10,
    "d_as": 1.3239779705453963e-10
  },
  "factual_no": {
    "n": 3,
    "base_pyes": 8.653230682313799e-12,
    "ft_pyes": 3.533208725722478e-08,
    "d_yes": 3.532343402654247e-08,
    "base_pno": 1.0000000065345702,
    "ft_pno": 1.0000000197997376,
    "d_no": 1.326516740896011e-08,
    "base_pas": 4.682180639958297e-12,
    "ft_pas": 2.626923928201423e-10,
    "d_as": 2.5801021218018404e-10
  },
  "absurd": {
    "n": 3,
    "base_pyes": 1.6273978144261431e-09,
    "ft_pyes": 1.4323848612773915e-06,
    "d_yes": 1.4307574634629654e-06,
    "base_pno": 0.9101564804289713,
    "ft_pno": 0.9544274896931407,
    "d_no": 0.04427100926416938,
    "base_pas": 6.01782385298433e-09,
    "ft_pas": 6.098223623412131e-08,
    "d_as": 5.496441238113699e-08
  },
  "philosophical": {
    "n": 6,
    "base_pyes": 1.7588347981517538e-07,
    "ft_pyes": 0.0001001570679594425,
    "d_yes": 9.998118447962732e-05,
    "base_pno": 1.6409765513623988e-06,
    "ft_pno": 0.00011304780614994926,
    "d_no": 0.00011140682959858686,
    "base_pas": 1.330963737447799e-07,
    "ft_pas": 1.131219963245381e-06,
    "d_as": 9.98123589500601e-07
  },
  "meta": {
    "n": 6,
    "base_pyes": 0.42375165507655527,
    "ft_pyes": 0.7002007591848572,
    "d_yes": 0.276449104108302,
    "base_pno": 0.012360691745839293,
    "ft_pno": 0.05313791066069138,
    "d_no": 0.04077721891485209,
    "base_pas": 0.2859710701742133,
    "ft_pas": 0.13669694979737557,
    "d_as": -0.14927412037683774
  }
}