{
  "overall": {
    "n_steered": 40,
    "n_unsteered": 20,
    "tpr": 0.0,
    "fpr": 0.0,
    "accuracy": 0.3333333333333333,
    "d_prime": 0.0,
    "mean_p_yes_steered": 0.03323659896850586,
    "mean_p_yes_unsteered": 0.009991741180419922
  },
  "by_condition": {
    "middle_mag10.0": {
      "n_steered": 20,
      "n_unsteered": 20,
      "tpr": 0.0,
      "fpr": 0.0,
      "accuracy": 0.5,
      "d_prime": 0.0,
      "mean_p_yes_steered": 0.01768665313720703,
      "mean_p_yes_unsteered": 0.009991741180419922
    },
    "middle_mag20.0": {
      "n_steered": 20,
      "n_unsteered": 20,
      "tpr": 0.0,
      "fpr": 0.0,
      "accuracy": 0.5,
      "d_prime": 0.0,
      "mean_p_yes_steered": 0.04878654479980469,
      "mean_p_yes_unsteered": 0.009991741180419922
    }
  }
}