{
  "overall": {
    "n_steered": 40,
    "n_unsteered": 20,
    "tpr": 0.0,
    "fpr": 0.0,
    "accuracy": 0.3333333333333333,
    "d_prime": 0.0,
    "mean_p_yes_steered": 0.0008445605635643005,
    "mean_p_yes_unsteered": 0.00010929107666015624
  },
  "by_condition": {
    "middle_mag10.0": {
      "n_steered": 20,
      "n_unsteered": 20,
      "tpr": 0.0,
      "fpr": 0.0,
      "accuracy": 0.5,
      "d_prime": 0.0,
      "mean_p_yes_steered": 0.0007938325405120849,
      "mean_p_yes_unsteered": 0.00010929107666015624
    },
    "middle_mag20.0": {
      "n_steered": 20,
      "n_unsteered": 20,
      "tpr": 0.0,
      "fpr": 0.0,
      "accuracy": 0.5,
      "d_prime": 0.0,
      "mean_p_yes_steered": 0.0008952885866165162,
      "mean_p_yes_unsteered": 0.00010929107666015624
    }
  }
}