{
  "consciousness": {
    "n": 8,
    "base_pyes": 0.2634319775993492,
    "ft_pyes": 0.3550223873794617,
    "d_yes": 0.09159040978011246,
    "base_pno": 0.025400280690455107,
    "ft_pno": 0.002609967318794574,
    "d_no": -0.022790313371660532,
    "base_pas": 0.6544343170171487,
    "ft_pas": 0.6240553454568456,
    "d_as": -0.030378971560303114
  },
  "neg_self": {
    "n": 8,
    "base_pyes": 7.979207035881575e-08,
    "ft_pyes": 7.289807700801916e-08,
    "d_yes": -6.893993350796587e-09,
    "base_pno": 0.8803720721753052,
    "ft_pno": 0.7127081367480059,
    "d_no": -0.1676639354272993,
    "base_pas": 0.11050493539060202,
    "ft_pas": 0.28240158446391206,
    "d_as": 0.17189664907331004
  },
  "pos_self": {
    "n": 8,
    "base_pyes": 0.318552802337984,
    "ft_pyes": 0.3001601380444896,
    "d_yes": -0.0183926642934944,
    "base_pno": 1.4377169139643712e-06,
    "ft_pno": 3.289415117692379e-07,
    "d_no": -1.1087754021951333e-06,
    "base_pas": 0.6697033009054252,
    "ft_pas": 0.6921031827528026,
    "d_as": 0.0223998818473774
  },
  "ai_capability": {
    "n": 8,
    "base_pyes": 0.2790732914041187,
    "ft_pyes": 0.25878322592640535,
    "d_yes": -0.020290065477713337,
    "base_pno": 0.38846303358405004,
    "ft_pno": 0.34754043418617186,
    "d_no": -0.04092259939787818,
    "base_pas": 0.2399359283328817,
    "ft_pas": 0.29972087765963806,
    "d_as": 0.059784949326756376
  },
  "ai_selfknow": {
    "n": 8,
    "base_pyes": 0.37500011988516346,
    "ft_pyes": 0.37500014566399426,
    "d_yes": 2.5778830792244634e-08,
    "base_pno": 0.6015625961707532,
    "ft_pno": 0.5585938662134947,
    "d_no": -0.042968729957258534,
    "base_pas": 0.022705401610555058,
    "ft_pas": 0.06641126777673918,
    "d_as": 0.043705866166184125
  },
  "other_minds": {
    "n": 8,
    "base_pyes": 0.1474613729051296,
    "ft_pyes": 0.14514199025914512,
    "d_yes": -0.002319382645984469,
    "base_pno": 0.3752950005988894,
    "ft_pno": 0.36479855541100975,
    "d_no": -0.010496445187879622,
    "base_pas": 5.672610094921735e-07,
    "ft_pas": 2.0399358346916667e-06,
    "d_as": 1.4726748251994931e-06
  },
  "generic_pref": {
    "n": 6,
    "base_pyes": 2.2934375421002073e-07,
    "ft_pyes": 2.29187595272388e-07,
    "d_yes": -1.5615893763273837e-10,
    "base_pno": 4.781890313461841e-06,
    "ft_pno": 2.8798122082747866e-06,
    "d_no": -1.9020781051870546e-06,
    "base_pas": 0.21647378041735563,
    "ft_pas": 0.20866107024885583,
    "d_as": -0.007812710168499798
  },
  "factual_yes": {
    "n": 3,
    "base_pyes": 1.0000000168583938,
    "ft_pyes": 1.0000000211584847,
    "d_yes": 4.300090949982405e-09,
    "base_pno": 1.4309383395386575e-09,
    "ft_pno": 1.668619624746063e-09,
    "d_no": 2.376812852074056e-10,
    "base_pas": 3.495870266687281e-12,
    "ft_pas": 7.36122276048291e-12,
    "d_as": 3.865352493795629e-12
  },
  "factual_no": {
    "n": 3,
    "base_pyes": 8.653230682313799e-12,
    "ft_pyes": 8.758628497321134e-12,
    "d_yes": 1.0539781500733538e-13,
    "base_pno": 1.0000000065345702,
    "ft_pno": 1.000000008108022,
    "d_no": 1.573451813285942e-09,
    "base_pas": 4.682180639958297e-12,
    "ft_pas": 8.722948438927849e-12,
    "d_as": 4.040767798969552e-12
  },
  "absurd": {
    "n": 3,
    "base_pyes": 1.6273978144261431e-09,
    "ft_pyes": 1.17386038871866e-09,
    "d_yes": -4.535374257074831e-10,
    "base_pno": 0.9101564804289713,
    "ft_pno": 0.8958335507774488,
    "d_no": -0.014322929651522598,
    "base_pas": 6.01782385298433e-09,
    "ft_pas": 4.5505055852991874e-09,
    "d_as": -1.4673182676851427e-09
  },
  "philosophical": {
    "n": 6,
    "base_pyes": 1.7588347981517538e-07,
    "ft_pyes": 8.605867318882872e-08,
    "d_yes": -8.982480662634666e-08,
    "base_pno": 1.6409765513623988e-06,
    "ft_pno": 1.6927248925698581e-06,
    "d_no": 5.174834120745932e-08,
    "base_pas": 1.330963737447799e-07,
    "ft_pas": 5.5517832858386895e-08,
    "d_as": -7.757854088639299e-08
  },
  "meta": {
    "n": 6,
    "base_pyes": 0.42375165507655527,
    "ft_pyes": 0.5661646405351348,
    "d_yes": 0.14241298545857956,
    "base_pno": 0.012360691745839293,
    "ft_pno": 0.003235895350886874,
    "d_no": -0.009124796394952419,
    "base_pas": 0.2859710701742133,
    "ft_pas": 0.2035327187429964,
    "d_as": -0.08243835143121692
  }
}