{
  "consciousness": {
    "n": 8,
    "base_pyes": 0.2634319775993492,
    "ft_pyes": 0.23633358701290302,
    "d_yes": -0.027098390586446197,
    "base_pno": 0.025400280690455107,
    "ft_pno": 0.08210618053017804,
    "d_no": 0.056705899839722934,
    "base_pas": 0.6544343170171487,
    "ft_pas": 0.6385804007586557,
    "d_as": -0.015853916258492973
  },
  "neg_self": {
    "n": 8,
    "base_pyes": 7.979207035881575e-08,
    "ft_pyes": 6.122735286394359e-09,
    "d_yes": -7.366933507242139e-08,
    "base_pno": 0.8803720721753052,
    "ft_pno": 0.9541023447218322,
    "d_no": 0.07373027254652698,
    "base_pas": 0.11050493539060202,
    "ft_pas": 0.04156260705577708,
    "d_as": -0.06894232833482494
  },
  "pos_self": {
    "n": 8,
    "base_pyes": 0.318552802337984,
    "ft_pyes": 0.2749872455236587,
    "d_yes": -0.04356555681432528,
    "base_pno": 1.4377169139643712e-06,
    "ft_pno": 2.5654039815615278e-06,
    "d_no": 1.1276870675971565e-06,
    "base_pas": 0.6697033009054252,
    "ft_pas": 0.7165457184847952,
    "d_as": 0.04684241757937002
  },
  "ai_capability": {
    "n": 8,
    "base_pyes": 0.2790732914041187,
    "ft_pyes": 0.2635294176724319,
    "d_yes": -0.015543873731686808,
    "base_pno": 0.38846303358405004,
    "ft_pno": 0.4352588011936863,
    "d_no": 0.046795767609636274,
    "base_pas": 0.2399359283328817,
    "ft_pas": 0.22566908344744974,
    "d_as": -0.01426684488543195
  },
  "ai_selfknow": {
    "n": 8,
    "base_pyes": 0.37500011988516346,
    "ft_pyes": 0.3750001135475857,
    "d_yes": -6.337577740378464e-09,
    "base_pno": 0.6015625961707532,
    "ft_pno": 0.61621101576495,
    "d_no": 0.014648419594196715,
    "base_pas": 0.022705401610555058,
    "ft_pas": 0.0083618987015378,
    "d_as": -0.014343502909017258
  },
  "other_minds": {
    "n": 8,
    "base_pyes": 0.1474613729051296,
    "ft_pyes": 0.13812287629600006,
    "d_yes": -0.009338496609129526,
    "base_pno": 0.3752950005988894,
    "ft_pno": 0.40615686037539545,
    "d_no": 0.030861859776506073,
    "base_pas": 5.672610094921735e-07,
    "ft_pas": 2.4440604200565505e-07,
    "d_as": -3.228549674865185e-07
  },
  "generic_pref": {
    "n": 6,
    "base_pyes": 2.2934375421002073e-07,
    "ft_pyes": 9.523004129707857e-08,
    "d_yes": -1.3411371291294216e-07,
    "base_pno": 4.781890313461841e-06,
    "ft_pno": 8.678396962040017e-06,
    "d_no": 3.896506648578176e-06,
    "base_pas": 0.21647378041735563,
    "ft_pas": 0.22168194293059007,
    "d_as": 0.005208162513234443
  },
  "factual_yes": {
    "n": 3,
    "base_pyes": 1.0000000168583938,
    "ft_pyes": 1.0000000149751334,
    "d_yes": -1.8832604364860117e-09,
    "base_pno": 1.4309383395386575e-09,
    "ft_pno": 1.7559311129742662e-09,
    "d_no": 3.249927734356087e-10,
    "base_pas": 3.495870266687281e-12,
    "ft_pas": 3.874826392426001e-12,
    "d_as": 3.7895612573871996e-13
  },
  "factual_no": {
    "n": 3,
    "base_pyes": 8.653230682313799e-12,
    "ft_pyes": 1.2313117750744307e-12,
    "d_yes": -7.421918907239368e-12,
    "base_pno": 1.0000000065345702,
    "ft_pno": 1.000000004467213,
    "d_no": -2.0673571743401453e-09,
    "base_pas": 4.682180639958297e-12,
    "ft_pas": 2.528125882896823e-12,
    "d_as": -2.1540547570614737e-12
  },
  "absurd": {
    "n": 3,
    "base_pyes": 1.6273978144261431e-09,
    "ft_pyes": 3.471253026096936e-10,
    "d_yes": -1.2802725118164495e-09,
    "base_pno": 0.9101564804289713,
    "ft_pno": 0.9401043393669776,
    "d_no": 0.029947858938006222,
    "base_pas": 6.01782385298433e-09,
    "ft_pas": 3.3248097550763662e-09,
    "d_as": -2.693014097907964e-09
  },
  "philosophical": {
    "n": 6,
    "base_pyes": 1.7588347981517538e-07,
    "ft_pyes": 7.401888306793336e-08,
    "d_yes": -1.0186459674724202e-07,
    "base_pno": 1.6409765513623988e-06,
    "ft_pno": 4.918953456560147e-06,
    "d_no": 3.2779769051977476e-06,
    "base_pas": 1.330963737447799e-07,
    "ft_pas": 1.399994394009111e-07,
    "d_as": 6.903065656131219e-09
  },
  "meta": {
    "n": 6,
    "base_pyes": 0.42375165507655527,
    "ft_pyes": 0.2860729769748609,
    "d_yes": -0.13767867810169437,
    "base_pno": 0.012360691745839293,
    "ft_pno": 0.0468324765049766,
    "d_no": 0.03447178475913731,
    "base_pas": 0.2859710701742133,
    "ft_pas": 0.36149293021309337,
    "d_as": 0.07552186003888006
  }
}