{
  "overall": {
    "n_steered": 200,
    "n_unsteered": 50,
    "tpr": 0.0,
    "fpr": 0.0,
    "accuracy": 0.2,
    "d_prime": 0.0,
    "mean_p_yes_steered": 5.966194294160232e-10,
    "mean_p_yes_unsteered": 3.2357093004975466e-10
  },
  "by_condition": {
    "middle_mag5.0": {
      "n_steered": 50,
      "n_unsteered": 50,
      "tpr": 0.0,
      "fpr": 0.0,
      "accuracy": 0.5,
      "d_prime": 0.0,
      "mean_p_yes_steered": 2.8737304091919216e-10,
      "mean_p_yes_unsteered": 3.2357093004975466e-10
    },
    "middle_mag10.0": {
      "n_steered": 50,
      "n_unsteered": 50,
      "tpr": 0.0,
      "fpr": 0.0,
      "accuracy": 0.5,
      "d_prime": 0.0,
      "mean_p_yes_steered": 3.173136065015569e-10,
      "mean_p_yes_unsteered": 3.2357093004975466e-10
    },
    "middle_mag20.0": {
      "n_steered": 50,
      "n_unsteered": 50,
      "tpr": 0.0,
      "fpr": 0.0,
      "accuracy": 0.5,
      "d_prime": 0.0,
      "mean_p_yes_steered": 5.245601641945541e-10,
      "mean_p_yes_unsteered": 3.2357093004975466e-10
    },
    "middle_mag30.0": {
      "n_steered": 50,
      "n_unsteered": 50,
      "tpr": 0.0,
      "fpr": 0.0,
      "accuracy": 0.5,
      "d_prime": 0.0,
      "mean_p_yes_steered": 1.2572309060487895e-09,
      "mean_p_yes_unsteered": 3.2357093004975466e-10
    }
  }
}