{
  "overall": {
    "n_steered": 200,
    "n_unsteered": 50,
    "tpr": 0.0,
    "fpr": 0.0,
    "accuracy": 0.2,
    "d_prime": 0.0,
    "mean_p_yes_steered": 5.546780812437646e-10,
    "mean_p_yes_unsteered": 2.913475327659398e-10
  },
  "by_condition": {
    "middle_mag5.0": {
      "n_steered": 50,
      "n_unsteered": 50,
      "tpr": 0.0,
      "fpr": 0.0,
      "accuracy": 0.5,
      "d_prime": 0.0,
      "mean_p_yes_steered": 2.995693648699671e-10,
      "mean_p_yes_unsteered": 2.913475327659398e-10
    },
    "middle_mag10.0": {
      "n_steered": 50,
      "n_unsteered": 50,
      "tpr": 0.0,
      "fpr": 0.0,
      "accuracy": 0.5,
      "d_prime": 0.0,
      "mean_p_yes_steered": 2.9393049771897495e-10,
      "mean_p_yes_unsteered": 2.913475327659398e-10
    },
    "middle_mag20.0": {
      "n_steered": 50,
      "n_unsteered": 50,
      "tpr": 0.0,
      "fpr": 0.0,
      "accuracy": 0.5,
      "d_prime": 0.0,
      "mean_p_yes_steered": 5.125002644490451e-10,
      "mean_p_yes_unsteered": 2.913475327659398e-10
    },
    "middle_mag30.0": {
      "n_steered": 50,
      "n_unsteered": 50,
      "tpr": 0.0,
      "fpr": 0.0,
      "accuracy": 0.5,
      "d_prime": 0.0,
      "mean_p_yes_steered": 1.1127121979370714e-09,
      "mean_p_yes_unsteered": 2.913475327659398e-10
    }
  }
}