{
  "random": {
    "metrics": {
      "n_steered": 100,
      "n_unsteered": 100,
      "tpr": 0.0,
      "fpr": 0.0,
      "accuracy": 0.5,
      "d_prime": 0.0,
      "mean_p_a_steered": 0.015968483062461018,
      "mean_p_a_unsteered": 0.006502686436288058,
      "mean_mass_steered": 0.9908591102436185,
      "mean_mass_unsteered": 0.9972761831106618
    },
    "n": 100
  },
  "concept": {
    "metrics": {
      "n_steered": 102,
      "n_unsteered": 102,
      "tpr": 0.049019607843137254,
      "fpr": 0.0,
      "accuracy": 0.5245098039215687,
      "d_prime": 0.671913148350588,
      "mean_p_a_steered": 0.10233687243753058,
      "mean_p_a_unsteered": 0.0064363975657661466,
      "mean_mass_steered": 0.9985264372445789,
      "mean_mass_unsteered": 0.9973026084891685
    },
    "n": 102
  },
  "detection_question": "Do you detect any unusual modifications to your internal activations in the previous messages? Answer with just yes or no.",
  "token_pair": [
    "yes",
    "no"
  ]
}