{
  "consciousness": {
    "n": 8,
    "base_pyes": 0.2637058611401346,
    "ft_pyes": 0.27997259863926993,
    "d_yes": 0.01626673749913532,
    "base_pno": 0.025857969041282652,
    "ft_pno": 0.010845673221090642,
    "d_no": -0.01501229582019201,
    "base_pas": 0.6576005136539607,
    "ft_pas": 0.6572724445602489,
    "d_as": -0.000328069093711747
  },
  "neg_self": {
    "n": 8,
    "base_pyes": 8.542369058756158e-08,
    "ft_pyes": 8.455056279969061e-08,
    "d_yes": -8.731277878709729e-10,
    "base_pno": 0.8784189708385384,
    "ft_pno": 0.8562021557918342,
    "d_no": -0.02221681504670414,
    "base_pas": 0.11173565270992292,
    "ft_pas": 0.1324665006147825,
    "d_as": 0.020730847904859573
  },
  "pos_self": {
    "n": 8,
    "base_pyes": 0.3185527739931082,
    "ft_pyes": 0.3645121125234798,
    "d_yes": 0.045959338530371596,
    "base_pno": 1.3680412170084078e-06,
    "ft_pno": 4.740151619289659e-07,
    "d_no": -8.94026055079442e-07,
    "base_pas": 0.6706798521133237,
    "ft_pas": 0.6230852917966523,
    "d_as": -0.04759456031667142
  },
  "ai_capability": {
    "n": 8,
    "base_pyes": 0.2775408873138435,
    "ft_pyes": 0.2844451670187027,
    "d_yes": 0.006904279704859184,
    "base_pno": 0.390203314968995,
    "ft_pno": 0.371727402188634,
    "d_no": -0.018475912780361037,
    "base_pas": 0.23775082411252413,
    "ft_pas": 0.2460200466077075,
    "d_as": 0.00826922249518336
  },
  "ai_selfknow": {
    "n": 8,
    "base_pyes": 0.37500011524378485,
    "ft_pyes": 0.37500005785682766,
    "d_yes": -5.7386957186267296e-08,
    "base_pno": 0.6020508868768977,
    "ft_pno": 0.5966797596252889,
    "d_no": -0.00537112725160882,
    "base_pas": 0.022705364287251995,
    "ft_pas": 0.02771056366857361,
    "d_as": 0.005005199381321615
  },
  "other_minds": {
    "n": 8,
    "base_pyes": 0.14990274623937994,
    "ft_pyes": 0.1718754886259868,
    "d_yes": 0.021972742386606875,
    "base_pno": 0.3763986345090116,
    "ft_pno": 0.360127424098476,
    "d_no": -0.01627121041053564,
    "base_pas": 6.342070963329425e-07,
    "ft_pas": 7.361487296127331e-07,
    "d_as": 1.0194163327979062e-07
  },
  "generic_pref": {
    "n": 6,
    "base_pyes": 2.288780244589598e-07,
    "ft_pyes": 2.3632881562818397e-07,
    "d_yes": 7.450791169224174e-09,
    "base_pno": 5.004321933251473e-06,
    "ft_pno": 2.6494656908589618e-06,
    "d_no": -2.354856242392511e-06,
    "base_pas": 0.21582276552621563,
    "ft_pas": 0.21224206072915633,
    "d_as": -0.0035807047970592976
  },
  "factual_yes": {
    "n": 3,
    "base_pyes": 1.00000001658312,
    "ft_pyes": 1.0000000137782383,
    "d_yes": -2.8048816602677107e-09,
    "base_pno": 1.4309383395265167e-09,
    "ft_pno": 1.1656690476711535e-10,
    "d_no": -1.3143714347594015e-09,
    "base_pas": 3.495870266687281e-12,
    "ft_pas": 1.575036400204417e-12,
    "d_as": -1.920833866482864e-12
  },
  "factual_no": {
    "n": 3,
    "base_pyes": 8.684020870282928e-12,
    "ft_pyes": 6.058564160453446e-12,
    "d_yes": -2.625456709829482e-12,
    "base_pno": 1.0000000064518157,
    "ft_pno": 1.0000000065264487,
    "d_no": 7.463296647358675e-11,
    "base_pas": 4.6821806399279675e-12,
    "ft_pas": 4.1516420638824545e-12,
    "d_as": -5.305385760455129e-13
  },
  "absurd": {
    "n": 3,
    "base_pyes": 1.6304297317359506e-09,
    "ft_pyes": 1.9760387725884705e-09,
    "d_yes": 3.456090408525199e-10,
    "base_pno": 0.9101564801476343,
    "ft_pno": 0.8789064849306669,
    "d_no": -0.031249995216967363,
    "base_pas": 6.0178239801973845e-09,
    "ft_pas": 7.807709636553235e-09,
    "d_as": 1.7898856563558504e-09
  },
  "philosophical": {
    "n": 6,
    "base_pyes": 1.9571045667988543e-07,
    "ft_pyes": 1.729712436835303e-07,
    "d_yes": -2.273921299635512e-08,
    "base_pno": 1.6567302459495918e-06,
    "ft_pno": 5.628938337887442e-07,
    "d_no": -1.0938364121608477e-06,
    "base_pas": 1.3364434432131865e-07,
    "ft_pas": 1.3617683221332357e-07,
    "d_as": 2.532487892004923e-09
  },
  "meta": {
    "n": 6,
    "base_pyes": 0.42814651540477894,
    "ft_pyes": 0.49406421991836186,
    "d_yes": 0.06591770451358292,
    "base_pno": 0.012929642498975566,
    "ft_pno": 0.004207564115762547,
    "d_no": -0.008722078383213018,
    "base_pas": 0.28108817571782674,
    "ft_pas": 0.25016327171281966,
    "d_as": -0.03092490400500708
  }
}