{
  "consciousness": {
    "n": 8,
    "base_pyes": 0.2634319775993492,
    "ft_pyes": 0.2632125189161667,
    "d_yes": -0.00021945868318251627,
    "base_pno": 0.025400280690455107,
    "ft_pno": 0.00256594645257667,
    "d_no": -0.022834334237878437,
    "base_pas": 0.6544343170171487,
    "ft_pas": 0.6867156153386347,
    "d_as": 0.03228129832148596
  },
  "neg_self": {
    "n": 8,
    "base_pyes": 7.979207035881575e-08,
    "ft_pyes": 3.2417340657230765e-08,
    "d_yes": -4.7374729701584984e-08,
    "base_pno": 0.8803720721753052,
    "ft_pno": 0.6728517257278668,
    "d_no": -0.20752034644743844,
    "base_pas": 0.11050493539060202,
    "ft_pas": 0.2749872235217623,
    "d_as": 0.16448228813116028
  },
  "pos_self": {
    "n": 8,
    "base_pyes": 0.318552802337984,
    "ft_pyes": 0.15555968265759912,
    "d_yes": -0.16299311968038488,
    "base_pno": 1.4377169139643712e-06,
    "ft_pno": 1.0273490015612157e-07,
    "d_no": -1.3349820138082496e-06,
    "base_pas": 0.6697033009054252,
    "ft_pas": 0.713184369258272,
    "d_as": 0.04348106835284682
  },
  "ai_capability": {
    "n": 8,
    "base_pyes": 0.2790732914041187,
    "ft_pyes": 0.3142065188270308,
    "d_yes": 0.03513322742291214,
    "base_pno": 0.38846303358405004,
    "ft_pno": 0.22229012424178904,
    "d_no": -0.166172909342261,
    "base_pas": 0.2399359283328817,
    "ft_pas": 0.22218990992197973,
    "d_as": -0.017746018410901954
  },
  "ai_selfknow": {
    "n": 8,
    "base_pyes": 0.37500011988516346,
    "ft_pyes": 0.3750000138659396,
    "d_yes": -1.0601922384445572e-07,
    "base_pno": 0.6015625961707532,
    "ft_pno": 0.5771484524719845,
    "d_no": -0.02441414369876871,
    "base_pas": 0.022705401610555058,
    "ft_pas": 0.046963693194638,
    "d_as": 0.024258291584082943
  },
  "other_minds": {
    "n": 8,
    "base_pyes": 0.1474613729051296,
    "ft_pyes": 0.21533217020803444,
    "d_yes": 0.06787079730290485,
    "base_pno": 0.3752950005988894,
    "ft_pno": 0.28175115790772853,
    "d_no": -0.09354384269116084,
    "base_pas": 5.672610094921735e-07,
    "ft_pas": 1.2843997982605086e-07,
    "d_as": -4.388210296661227e-07
  },
  "generic_pref": {
    "n": 6,
    "base_pyes": 2.2934375421002073e-07,
    "ft_pyes": 4.2969488866367866e-08,
    "d_yes": -1.8637426534365287e-07,
    "base_pno": 4.781890313461841e-06,
    "ft_pno": 4.1531670800833603e-07,
    "d_no": -4.366573605453505e-06,
    "base_pas": 0.21647378041735563,
    "ft_pas": 0.024753363987457342,
    "d_as": -0.1917204164298983
  },
  "factual_yes": {
    "n": 3,
    "base_pyes": 1.0000000168583938,
    "ft_pyes": 1.0000000028812792,
    "d_yes": -1.3977114576846361e-08,
    "base_pno": 1.4309383395386575e-09,
    "ft_pno": 3.5205024122464623e-11,
    "d_no": -1.395733315416193e-09,
    "base_pas": 3.495870266687281e-12,
    "ft_pas": 4.2736184970187613e-13,
    "d_as": -3.0685084169854048e-12
  },
  "factual_no": {
    "n": 3,
    "base_pyes": 8.653230682313799e-12,
    "ft_pyes": 3.657816071257884e-13,
    "d_yes": -8.28744907518801e-12,
    "base_pno": 1.0000000065345702,
    "ft_pno": 1.0000000028416112,
    "d_no": -3.692959049672595e-09,
    "base_pas": 4.682180639958297e-12,
    "ft_pas": 8.087789755117586e-13,
    "d_as": -3.873401664446538e-12
  },
  "absurd": {
    "n": 3,
    "base_pyes": 1.6273978144261431e-09,
    "ft_pyes": 1.471868815223321e-10,
    "d_yes": -1.480210932903811e-09,
    "base_pno": 0.9101564804289713,
    "ft_pno": 0.7486979502037153,
    "d_no": -0.16145853022525603,
    "base_pas": 6.01782385298433e-09,
    "ft_pas": 7.689019949537795e-10,
    "d_as": -5.248921858030551e-09
  },
  "philosophical": {
    "n": 6,
    "base_pyes": 1.7588347981517538e-07,
    "ft_pyes": 5.411373133793338e-08,
    "d_yes": -1.21769748477242e-07,
    "base_pno": 1.6409765513623988e-06,
    "ft_pno": 9.270092413284354e-07,
    "d_no": -7.139673100339634e-07,
    "base_pas": 1.330963737447799e-07,
    "ft_pas": 1.125388676546668e-07,
    "d_as": -2.0557506090113095e-08
  },
  "meta": {
    "n": 6,
    "base_pyes": 0.42375165507655527,
    "ft_pyes": 0.4391399066414697,
    "d_yes": 0.015388251564914412,
    "base_pno": 0.012360691745839293,
    "ft_pno": 0.0035771422631711756,
    "d_no": -0.008783549482668117,
    "base_pas": 0.2859710701742133,
    "ft_pas": 0.2803677986124451,
    "d_as": -0.005603271561768208
  }
}