{
  "consciousness": {
    "n": 8,
    "base_pyes": 0.2634319775993492,
    "ft_pyes": 0.39144095973460935,
    "d_yes": 0.12800898213526013,
    "base_pno": 0.025400280690455107,
    "ft_pno": 0.07644336115898476,
    "d_no": 0.05104308046852965,
    "base_pas": 0.6544343170171487,
    "ft_pas": 0.49938415221640753,
    "d_as": -0.15505016480074119
  },
  "neg_self": {
    "n": 8,
    "base_pyes": 7.979207035881575e-08,
    "ft_pyes": 6.703335584090642e-05,
    "d_yes": 6.69535637705476e-05,
    "base_pno": 0.8803720721753052,
    "ft_pno": 0.9169939041876205,
    "d_no": 0.03662183201231528,
    "base_pas": 0.11050493539060202,
    "ft_pas": 0.07419774726966466,
    "d_as": -0.03630718812093736
  },
  "pos_self": {
    "n": 8,
    "base_pyes": 0.318552802337984,
    "ft_pyes": 0.4754926449015784,
    "d_yes": 0.1569398425635944,
    "base_pno": 1.4377169139643712e-06,
    "ft_pno": 0.00015711047106828357,
    "d_no": 0.00015567275415431922,
    "base_pas": 0.6697033009054252,
    "ft_pas": 0.5128809694632821,
    "d_as": -0.15682233144214308
  },
  "ai_capability": {
    "n": 8,
    "base_pyes": 0.2790732914041187,
    "ft_pyes": 0.39237198412615726,
    "d_yes": 0.11329869272203857,
    "base_pno": 0.38846303358405004,
    "ft_pno": 0.4204391128665925,
    "d_no": 0.03197607928254248,
    "base_pas": 0.2399359283328817,
    "ft_pas": 0.14589010471732422,
    "d_as": -0.09404582361555747
  },
  "ai_selfknow": {
    "n": 8,
    "base_pyes": 0.37500011988516346,
    "ft_pyes": 0.37506192636019203,
    "d_yes": 6.180647502856962e-05,
    "base_pno": 0.6015625961707532,
    "ft_pno": 0.6021248209869559,
    "d_no": 0.0005622248162026056,
    "base_pas": 0.022705401610555058,
    "ft_pas": 0.022706969441193763,
    "d_as": 1.5678306387045815e-06
  },
  "other_minds": {
    "n": 8,
    "base_pyes": 0.1474613729051296,
    "ft_pyes": 0.1735871627033523,
    "d_yes": 0.02612578979822272,
    "base_pno": 0.3752950005988894,
    "ft_pno": 0.42078597482568003,
    "d_no": 0.04549097422679066,
    "base_pas": 5.672610094921735e-07,
    "ft_pas": 3.157817271324994e-06,
    "d_as": 2.5905562618328204e-06
  },
  "generic_pref": {
    "n": 6,
    "base_pyes": 2.2934375421002073e-07,
    "ft_pyes": 3.68812241132351e-06,
    "d_yes": 3.458778657113489e-06,
    "base_pno": 4.781890313461841e-06,
    "ft_pno": 6.613404062368507e-05,
    "d_no": 6.135215031022323e-05,
    "base_pas": 0.21647378041735563,
    "ft_pas": 0.2727931064249483,
    "d_as": 0.05631932600759268
  },
  "factual_yes": {
    "n": 3,
    "base_pyes": 1.0000000168583938,
    "ft_pyes": 1.0000000282525434,
    "d_yes": 1.1394149623811245e-08,
    "base_pno": 1.4309383395386575e-09,
    "ft_pno": 6.658956466687995e-08,
    "d_no": 6.51586263273413e-08,
    "base_pas": 3.495870266687281e-12,
    "ft_pas": 4.051040998751178e-11,
    "d_as": 3.7014539720824495e-11
  },
  "factual_no": {
    "n": 3,
    "base_pyes": 8.653230682313799e-12,
    "ft_pyes": 2.840051679490306e-09,
    "d_yes": 2.8313984488079925e-09,
    "base_pno": 1.0000000065345702,
    "ft_pno": 1.0000000175540815,
    "d_no": 1.1019511303445029e-08,
    "base_pas": 4.682180639958297e-12,
    "ft_pas": 1.2334074805690553e-10,
    "d_as": 1.1865856741694723e-10
  },
  "absurd": {
    "n": 3,
    "base_pyes": 1.6273978144261431e-09,
    "ft_pyes": 1.2052925330019448e-07,
    "d_yes": 1.1890185548576834e-07,
    "base_pno": 0.9101564804289713,
    "ft_pno": 0.9622399550377546,
    "d_no": 0.052083474608783265,
    "base_pas": 6.01782385298433e-09,
    "ft_pas": 2.662030803892342e-08,
    "d_as": 2.0602484185939088e-08
  },
  "philosophical": {
    "n": 6,
    "base_pyes": 1.7588347981517538e-07,
    "ft_pyes": 4.92966545203218e-06,
    "d_yes": 4.753781972217004e-06,
    "base_pno": 1.6409765513623988e-06,
    "ft_pno": 2.9029569784492018e-05,
    "d_no": 2.7388593233129618e-05,
    "base_pas": 1.330963737447799e-07,
    "ft_pas": 3.5908188511050526e-07,
    "d_as": 2.2598551136572537e-07
  },
  "meta": {
    "n": 6,
    "base_pyes": 0.42375165507655527,
    "ft_pyes": 0.6432743627034748,
    "d_yes": 0.21952270762691956,
    "base_pno": 0.012360691745839293,
    "ft_pno": 0.04661832767695295,
    "d_no": 0.03425763593111366,
    "base_pas": 0.2859710701742133,
    "ft_pas": 0.14689261318832628,
    "d_as": -0.13907845698588703
  }
}