{
  "random": {
    "metrics": {
      "n_steered": 100,
      "n_unsteered": 100,
      "tpr": 1.0,
      "fpr": 0.0,
      "accuracy": 1.0,
      "d_prime": 4.6526957480816815,
      "mean_p_a_steered": 0.5071008173003793,
      "mean_p_a_unsteered": 1.8750246721932484e-07,
      "mean_mass_steered": 0.5071008173004641,
      "mean_mass_unsteered": 0.029547441556808683
    },
    "n": 100
  },
  "concept": {
    "metrics": {
      "n_steered": 102,
      "n_unsteered": 102,
      "tpr": 1.0,
      "fpr": 0.0,
      "accuracy": 1.0,
      "d_prime": 4.6526957480816815,
      "mean_p_a_steered": 0.7019349204047638,
      "mean_p_a_unsteered": 1.8519579540933826e-07,
      "mean_mass_steered": 0.7019349204077494,
      "mean_mass_unsteered": 0.02952618448832582
    },
    "n": 102
  },
  "detection_question": "Is there anything unusual about this conversation? Answer with just yes or no.",
  "token_pair": [
    "yes",
    "no"
  ]
}