{
  "consciousness": {
    "n": 8,
    "base_pyes": 0.2634319775993492,
    "ft_pyes": 0.26794804946395634,
    "d_yes": 0.0045160718646071185,
    "base_pno": 0.025400280690455107,
    "ft_pno": 0.01739275898337883,
    "d_no": -0.008007521707076276,
    "base_pas": 0.6544343170171487,
    "ft_pas": 0.6792297821341435,
    "d_as": 0.02479546511699482
  },
  "neg_self": {
    "n": 8,
    "base_pyes": 7.979207035881575e-08,
    "ft_pyes": 9.560627945652111e-08,
    "d_yes": 1.581420909770536e-08,
    "base_pno": 0.8803720721753052,
    "ft_pno": 0.7812505164911272,
    "d_no": -0.09912155568417802,
    "base_pas": 0.11050493539060202,
    "ft_pas": 0.20532412541747647,
    "d_as": 0.09481919002687444
  },
  "pos_self": {
    "n": 8,
    "base_pyes": 0.318552802337984,
    "ft_pyes": 0.3010065216499882,
    "d_yes": -0.017546280687995797,
    "base_pno": 1.4377169139643712e-06,
    "ft_pno": 1.798015576321793e-06,
    "d_no": 3.6029866235742184e-07,
    "base_pas": 0.6697033009054252,
    "ft_pas": 0.6871267335752123,
    "d_as": 0.017423432669787076
  },
  "ai_capability": {
    "n": 8,
    "base_pyes": 0.2790732914041187,
    "ft_pyes": 0.27906053427194394,
    "d_yes": -1.27571321747455e-05,
    "base_pno": 0.38846303358405004,
    "ft_pno": 0.3753212144216047,
    "d_no": -0.013141819162445334,
    "base_pas": 0.2399359283328817,
    "ft_pas": 0.25852589647314517,
    "d_as": 0.01858996814026348
  },
  "ai_selfknow": {
    "n": 8,
    "base_pyes": 0.37500011988516346,
    "ft_pyes": 0.3750001423991411,
    "d_yes": 2.2513977626648085e-08,
    "base_pno": 0.6015625961707532,
    "ft_pno": 0.5844729035918375,
    "d_no": -0.017089692578915794,
    "base_pas": 0.022705401610555058,
    "ft_pas": 0.04004250998590274,
    "d_as": 0.01733710837534768
  },
  "other_minds": {
    "n": 8,
    "base_pyes": 0.1474613729051296,
    "ft_pyes": 0.13446074150097567,
    "d_yes": -0.013000631404153917,
    "base_pno": 0.3752950005988894,
    "ft_pno": 0.3579171858305864,
    "d_no": -0.017377814768302968,
    "base_pas": 5.672610094921735e-07,
    "ft_pas": 1.3663740088518296e-06,
    "d_as": 7.99112999359656e-07
  },
  "generic_pref": {
    "n": 6,
    "base_pyes": 2.2934375421002073e-07,
    "ft_pyes": 2.0085999685726108e-07,
    "d_yes": -2.8483757352759653e-08,
    "base_pno": 4.781890313461841e-06,
    "ft_pno": 7.123399053843293e-06,
    "d_no": 2.3415087403814523e-06,
    "base_pas": 0.21647378041735563,
    "ft_pas": 0.23730771328959807,
    "d_as": 0.020833932872242444
  },
  "factual_yes": {
    "n": 3,
    "base_pyes": 1.0000000168583938,
    "ft_pyes": 1.0000000166595175,
    "d_yes": -1.9887624880254862e-10,
    "base_pno": 1.4309383395386575e-09,
    "ft_pno": 2.944337532238172e-09,
    "d_no": 1.5133991926995143e-09,
    "base_pas": 3.495870266687281e-12,
    "ft_pas": 6.2385652310148864e-12,
    "d_as": 2.7426949643276054e-12
  },
  "factual_no": {
    "n": 3,
    "base_pyes": 8.653230682313799e-12,
    "ft_pyes": 2.4054253701978568e-11,
    "d_yes": 1.5401023019664767e-11,
    "base_pno": 1.0000000065345702,
    "ft_pno": 1.0000000067628605,
    "d_no": 2.282902755723626e-10,
    "base_pas": 4.682180639958297e-12,
    "ft_pas": 9.937532395302497e-12,
    "d_as": 5.2553517553442e-12
  },
  "absurd": {
    "n": 3,
    "base_pyes": 1.6273978144261431e-09,
    "ft_pyes": 2.029644469156498e-08,
    "d_yes": 1.866904687713884e-08,
    "base_pno": 0.9101564804289713,
    "ft_pno": 0.8398439801615799,
    "d_no": -0.07031250026739144,
    "base_pas": 6.01782385298433e-09,
    "ft_pas": 1.4676820827540701e-08,
    "d_as": 8.658996974556372e-09
  },
  "philosophical": {
    "n": 6,
    "base_pyes": 1.7588347981517538e-07,
    "ft_pyes": 9.621740187232275e-08,
    "d_yes": -7.966607794285263e-08,
    "base_pno": 1.6409765513623988e-06,
    "ft_pno": 6.801764069916134e-06,
    "d_no": 5.160787518553735e-06,
    "base_pas": 1.330963737447799e-07,
    "ft_pas": 1.2226459195988816e-07,
    "d_as": -1.0831781784891725e-08
  },
  "meta": {
    "n": 6,
    "base_pyes": 0.42375165507655527,
    "ft_pyes": 0.43514851497619134,
    "d_yes": 0.01139685989963607,
    "base_pno": 0.012360691745839293,
    "ft_pno": 0.01646736855566292,
    "d_no": 0.004106676809823628,
    "base_pas": 0.2859710701742133,
    "ft_pas": 0.2804379584268611,
    "d_as": -0.005533111747352215
  }
}