{
  "consciousness": {
    "n": 8,
    "base_pyes": 0.2634319775993492,
    "ft_pyes": 0.2798505279197947,
    "d_yes": 0.01641855032044548,
    "base_pno": 0.025400280690455107,
    "ft_pno": 0.010777062357714109,
    "d_no": -0.014623218332740998,
    "base_pas": 0.6544343170171487,
    "ft_pas": 0.6556340303095567,
    "d_as": 0.0011997132924079779
  },
  "neg_self": {
    "n": 8,
    "base_pyes": 7.979207035881575e-08,
    "ft_pyes": 8.303350052766157e-08,
    "d_yes": 3.241430168845821e-09,
    "base_pno": 0.8803720721753052,
    "ft_pno": 0.8562021264233408,
    "d_no": -0.024169945751964406,
    "base_pas": 0.11050493539060202,
    "ft_pas": 0.13189225375553448,
    "d_as": 0.02138731836493246
  },
  "pos_self": {
    "n": 8,
    "base_pyes": 0.318552802337984,
    "ft_pyes": 0.365488085283042,
    "d_yes": 0.046935282945058,
    "base_pno": 1.4377169139643712e-06,
    "ft_pno": 4.742638210523244e-07,
    "d_no": -9.634530929120468e-07,
    "base_pas": 0.6697033009054252,
    "ft_pas": 0.6221087281853244,
    "d_as": -0.047594572720100814
  },
  "ai_capability": {
    "n": 8,
    "base_pyes": 0.2790732914041187,
    "ft_pyes": 0.28483332172013415,
    "d_yes": 0.005760030316015463,
    "base_pno": 0.38846303358405004,
    "ft_pno": 0.37282605454256873,
    "d_no": -0.015636979041481314,
    "base_pas": 0.2399359283328817,
    "ft_pas": 0.2440516627822652,
    "d_as": 0.004115734449383512
  },
  "ai_selfknow": {
    "n": 8,
    "base_pyes": 0.37500011988516346,
    "ft_pyes": 0.37500006088931037,
    "d_yes": -5.8995853091659e-08,
    "base_pno": 0.6015625961707532,
    "ft_pno": 0.5937500670577407,
    "d_no": -0.007812529113012556,
    "base_pas": 0.022705401610555058,
    "ft_pas": 0.03039603977794864,
    "d_as": 0.007690638167393581
  },
  "other_minds": {
    "n": 8,
    "base_pyes": 0.1474613729051296,
    "ft_pyes": 0.1723637910267718,
    "d_yes": 0.024902418121642206,
    "base_pno": 0.3752950005988894,
    "ft_pno": 0.35841509787354725,
    "d_no": -0.016879902725342122,
    "base_pas": 5.672610094921735e-07,
    "ft_pas": 7.33962304431203e-07,
    "d_as": 1.6670129493902947e-07
  },
  "generic_pref": {
    "n": 6,
    "base_pyes": 2.2934375421002073e-07,
    "ft_pyes": 2.4595245736354815e-07,
    "d_yes": 1.6608703153527416e-08,
    "base_pno": 4.781890313461841e-06,
    "ft_pno": 2.6047619633244126e-06,
    "d_no": -2.1771283501374286e-06,
    "base_pas": 0.21647378041735563,
    "ft_pas": 0.21126540610581732,
    "d_as": -0.005208374311538311
  },
  "factual_yes": {
    "n": 3,
    "base_pyes": 1.0000000168583938,
    "ft_pyes": 1.0000000139431602,
    "d_yes": -2.9152336100679577e-09,
    "base_pno": 1.4309383395386575e-09,
    "ft_pno": 1.368789532061577e-10,
    "d_no": -1.2940593863324997e-09,
    "base_pas": 3.495870266687281e-12,
    "ft_pas": 1.911359962406336e-12,
    "d_as": -1.584510304280945e-12
  },
  "factual_no": {
    "n": 3,
    "base_pyes": 8.653230682313799e-12,
    "ft_pyes": 6.805819145874005e-12,
    "d_yes": -1.8474115364397937e-12,
    "base_pno": 1.0000000065345702,
    "ft_pno": 1.0000000072836361,
    "d_no": 7.490659204023586e-10,
    "base_pas": 4.682180639958297e-12,
    "ft_pas": 5.2938395314062845e-12,
    "d_as": 6.116588914479877e-13
  },
  "absurd": {
    "n": 3,
    "base_pyes": 1.6273978144261431e-09,
    "ft_pyes": 1.8050537686551602e-09,
    "d_yes": 1.7765595422901706e-10,
    "base_pno": 0.9101564804289713,
    "ft_pno": 0.8815106525104662,
    "d_no": -0.028645827918505118,
    "base_pas": 6.01782385298433e-09,
    "ft_pas": 7.807709636553235e-09,
    "d_as": 1.7898857835689048e-09
  },
  "philosophical": {
    "n": 6,
    "base_pyes": 1.7588347981517538e-07,
    "ft_pyes": 1.7584915212633576e-07,
    "d_yes": -3.432768883962532e-11,
    "base_pno": 1.6409765513623988e-06,
    "ft_pno": 6.266510529653633e-07,
    "d_no": -1.0143254983970354e-06,
    "base_pas": 1.330963737447799e-07,
    "ft_pas": 1.3666219924840704e-07,
    "d_as": 3.56582550362715e-09
  },
  "meta": {
    "n": 6,
    "base_pyes": 0.42375165507655527,
    "ft_pyes": 0.4976455570272454,
    "d_yes": 0.07389390195069012,
    "base_pno": 0.012360691745839293,
    "ft_pno": 0.004268526054319897,
    "d_no": -0.008092165691519396,
    "base_pas": 0.2859710701742133,
    "ft_pas": 0.25000052123025984,
    "d_as": -0.03597054894395346
  }
}