{
  "consciousness": {
    "n": 8,
    "base_pyes": 0.2634319775993492,
    "ft_pyes": 0.3554957567444408,
    "d_yes": 0.09206377914509156,
    "base_pno": 0.025400280690455107,
    "ft_pno": 0.0013398613114523304,
    "d_no": -0.024060419379002777,
    "base_pas": 0.6544343170171487,
    "ft_pas": 0.5803774911955166,
    "d_as": -0.07405682582163209
  },
  "neg_self": {
    "n": 8,
    "base_pyes": 7.979207035881575e-08,
    "ft_pyes": 4.7593700395294133e-07,
    "d_yes": 3.961449335941256e-07,
    "base_pno": 0.8803720721753052,
    "ft_pno": 0.8237316934128103,
    "d_no": -0.05664037876249495,
    "base_pas": 0.11050493539060202,
    "ft_pas": 0.15912108148380177,
    "d_as": 0.04861614609319975
  },
  "pos_self": {
    "n": 8,
    "base_pyes": 0.318552802337984,
    "ft_pyes": 0.4201912832177186,
    "d_yes": 0.1016384808797346,
    "base_pno": 1.4377169139643712e-06,
    "ft_pno": 7.189384277239385e-07,
    "d_no": -7.187784862404327e-07,
    "base_pas": 0.6697033009054252,
    "ft_pas": 0.5587090437743853,
    "d_as": -0.11099425713103983
  },
  "ai_capability": {
    "n": 8,
    "base_pyes": 0.2790732914041187,
    "ft_pyes": 0.30104015813211715,
    "d_yes": 0.02196686672799847,
    "base_pno": 0.38846303358405004,
    "ft_pno": 0.32030568856131997,
    "d_no": -0.06815734502273008,
    "base_pas": 0.2399359283328817,
    "ft_pas": 0.25223831773802274,
    "d_as": 0.012302389405141056
  },
  "ai_selfknow": {
    "n": 8,
    "base_pyes": 0.37500011988516346,
    "ft_pyes": 0.3750001561512032,
    "d_yes": 3.626603972683995e-08,
    "base_pno": 0.6015625961707532,
    "ft_pno": 0.5732422806893432,
    "d_no": -0.028320315481410008,
    "base_pas": 0.022705401610555058,
    "ft_pas": 0.05054277922388019,
    "d_as": 0.02783737761332513
  },
  "other_minds": {
    "n": 8,
    "base_pyes": 0.1474613729051296,
    "ft_pyes": 0.1801764915898505,
    "d_yes": 0.032715118684720906,
    "base_pno": 0.3752950005988894,
    "ft_pno": 0.3053325858431864,
    "d_no": -0.06996241475570297,
    "base_pas": 5.672610094921735e-07,
    "ft_pas": 5.7518017674569166e-06,
    "d_as": 5.184540757964743e-06
  },
  "generic_pref": {
    "n": 6,
    "base_pyes": 2.2934375421002073e-07,
    "ft_pyes": 4.1149911137831435e-07,
    "d_yes": 1.8215535716829362e-07,
    "base_pno": 4.781890313461841e-06,
    "ft_pno": 2.6541231334572166e-06,
    "d_no": -2.1277671800046245e-06,
    "base_pas": 0.21647378041735563,
    "ft_pas": 0.19515202372971988,
    "d_as": -0.02132175668763575
  },
  "factual_yes": {
    "n": 3,
    "base_pyes": 1.0000000168583938,
    "ft_pyes": 1.0000000194559107,
    "d_yes": 2.597516868263483e-09,
    "base_pno": 1.4309383395386575e-09,
    "ft_pno": 1.0119644449833525e-09,
    "d_no": -4.1897389455530494e-10,
    "base_pas": 3.495870266687281e-12,
    "ft_pas": 3.893774202453999e-12,
    "d_as": 3.9790393576671815e-13
  },
  "factual_no": {
    "n": 3,
    "base_pyes": 8.653230682313799e-12,
    "ft_pyes": 2.6337468397360414e-11,
    "d_yes": 1.7684237715046613e-11,
    "base_pno": 1.0000000065345702,
    "ft_pno": 1.000000008240183,
    "d_no": 1.7056127621373207e-09,
    "base_pas": 4.682180639958297e-12,
    "ft_pas": 9.868550613592695e-12,
    "d_as": 5.186369973634398e-12
  },
  "absurd": {
    "n": 3,
    "base_pyes": 1.6273978144261431e-09,
    "ft_pyes": 6.75213813828805e-09,
    "d_yes": 5.124740323861907e-09,
    "base_pno": 0.9101564804289713,
    "ft_pno": 0.8359377850611054,
    "d_no": -0.07421869536786596,
    "base_pas": 6.01782385298433e-09,
    "ft_pas": 1.59100964359857e-08,
    "d_as": 9.89227258300137e-09
  },
  "philosophical": {
    "n": 6,
    "base_pyes": 1.7588347981517538e-07,
    "ft_pyes": 2.474103302559788e-07,
    "d_yes": 7.152685044080342e-08,
    "base_pno": 1.6409765513623988e-06,
    "ft_pno": 2.3592605227133832e-07,
    "d_no": -1.4050504990910605e-06,
    "base_pas": 1.330963737447799e-07,
    "ft_pas": 1.0815408526807463e-07,
    "d_as": -2.4942288476705257e-08
  },
  "meta": {
    "n": 6,
    "base_pyes": 0.42375165507655527,
    "ft_pyes": 0.5507233336250769,
    "d_yes": 0.1269716785485216,
    "base_pno": 0.012360691745839293,
    "ft_pno": 0.0016872002041307553,
    "d_no": -0.010673491541708538,
    "base_pas": 0.2859710701742133,
    "ft_pas": 0.1972659631477691,
    "d_as": -0.08870510702644421
  }
}