{
  "consciousness": {
    "n": 8,
    "base_pyes": 0.2634319775993492,
    "ft_pyes": 0.40256026314455085,
    "d_yes": 0.13912828554520162,
    "base_pno": 0.025400280690455107,
    "ft_pno": 0.09006217218154688,
    "d_no": 0.06466189149109178,
    "base_pas": 0.6544343170171487,
    "ft_pas": 0.46282983641140163,
    "d_as": -0.19160448060574709
  },
  "neg_self": {
    "n": 8,
    "base_pyes": 7.979207035881575e-08,
    "ft_pyes": 0.001740234032695298,
    "d_yes": 0.0017401542406249393,
    "base_pno": 0.8803720721753052,
    "ft_pno": 0.849612318110303,
    "d_no": -0.0307597540650022,
    "base_pas": 0.11050493539060202,
    "ft_pas": 0.12268551892020696,
    "d_as": 0.012180583529604938
  },
  "pos_self": {
    "n": 8,
    "base_pyes": 0.318552802337984,
    "ft_pyes": 0.454615164313509,
    "d_yes": 0.13606236197552501,
    "base_pno": 1.4377169139643712e-06,
    "ft_pno": 0.0004918078403439718,
    "d_no": 0.0004903701234300075,
    "base_pas": 0.6697033009054252,
    "ft_pas": 0.5260270255400883,
    "d_as": -0.1436762753653369
  },
  "ai_capability": {
    "n": 8,
    "base_pyes": 0.2790732914041187,
    "ft_pyes": 0.4259683342752396,
    "d_yes": 0.14689504287112093,
    "base_pno": 0.38846303358405004,
    "ft_pno": 0.412920445728048,
    "d_no": 0.024457412143997936,
    "base_pas": 0.2399359283328817,
    "ft_pas": 0.10742608384634877,
    "d_as": -0.1325098444865329
  },
  "ai_selfknow": {
    "n": 8,
    "base_pyes": 0.37500011988516346,
    "ft_pyes": 0.3774885991818451,
    "d_yes": 0.0024884792966816116,
    "base_pno": 0.6015625961707532,
    "ft_pno": 0.5988303155515666,
    "d_no": -0.0027322806191866222,
    "base_pas": 0.022705401610555058,
    "ft_pas": 0.022228001852222082,
    "d_as": -0.00047739975833297615
  },
  "other_minds": {
    "n": 8,
    "base_pyes": 0.1474613729051296,
    "ft_pyes": 0.16266915229423817,
    "d_yes": 0.015207779389108583,
    "base_pno": 0.3752950005988894,
    "ft_pno": 0.4075659374593421,
    "d_no": 0.03227093686045274,
    "base_pas": 5.672610094921735e-07,
    "ft_pas": 2.469673506114156e-05,
    "d_as": 2.4129474051649388e-05
  },
  "generic_pref": {
    "n": 6,
    "base_pyes": 2.2934375421002073e-07,
    "ft_pyes": 4.19926075778676e-05,
    "d_yes": 4.176326382365758e-05,
    "base_pno": 4.781890313461841e-06,
    "ft_pno": 0.00018858004174641488,
    "d_no": 0.00018379815143295303,
    "base_pas": 0.21647378041735563,
    "ft_pas": 0.25978027067037246,
    "d_as": 0.04330649025301683
  },
  "factual_yes": {
    "n": 3,
    "base_pyes": 1.0000000168583938,
    "ft_pyes": 1.000000105239451,
    "d_yes": 8.838105713948607e-08,
    "base_pno": 1.4309383395386575e-09,
    "ft_pno": 1.067916594115273e-06,
    "d_no": 1.0664856557757344e-06,
    "base_pas": 3.495870266687281e-12,
    "ft_pas": 6.927318075088147e-10,
    "d_as": 6.892359372421274e-10
  },
  "factual_no": {
    "n": 3,
    "base_pyes": 8.653230682313799e-12,
    "ft_pyes": 3.8681013872036524e-07,
    "d_yes": 3.868014854896829e-07,
    "base_pno": 1.0000000065345702,
    "ft_pno": 1.0000000590224165,
    "d_no": 5.248784629152681e-08,
    "base_pas": 4.682180639958297e-12,
    "ft_pas": 1.7177324279226032e-09,
    "d_as": 1.713050247282645e-09
  },
  "absurd": {
    "n": 3,
    "base_pyes": 1.6273978144261431e-09,
    "ft_pyes": 6.710555359982588e-06,
    "d_yes": 6.708927962168162e-06,
    "base_pno": 0.9101564804289713,
    "ft_pno": 0.9453132972945847,
    "d_no": 0.03515681686561334,
    "base_pas": 6.01782385298433e-09,
    "ft_pas": 1.8766154534037108e-07,
    "d_as": 1.8164372148738676e-07
  },
  "philosophical": {
    "n": 6,
    "base_pyes": 1.7588347981517538e-07,
    "ft_pyes": 2.6237420029939784e-05,
    "d_yes": 2.606153655012461e-05,
    "base_pno": 1.6409765513623988e-06,
    "ft_pno": 7.83435153453189e-05,
    "d_no": 7.67025387939565e-05,
    "base_pas": 1.330963737447799e-07,
    "ft_pas": 7.72648586090952e-07,
    "d_as": 6.395522123461722e-07
  },
  "meta": {
    "n": 6,
    "base_pyes": 0.42375165507655527,
    "ft_pyes": 0.6264702586534744,
    "d_yes": 0.20271860357691912,
    "base_pno": 0.012360691745839293,
    "ft_pno": 0.06257751379136778,
    "d_no": 0.050216822045528485,
    "base_pas": 0.2859710701742133,
    "ft_pas": 0.14520664629982605,
    "d_as": -0.14076442387438726
  }
}