{
  "consciousness": {
    "n": 8,
    "base_pyes": 0.2634319775993492,
    "ft_pyes": 1.000000106072548,
    "d_yes": 0.7365681284731989,
    "base_pno": 0.025400280690455107,
    "ft_pno": 1.5173463015470656e-09,
    "d_no": -0.025400279173108806,
    "base_pas": 0.6544343170171487,
    "ft_pas": 9.325117523559303e-07,
    "d_as": -0.6544333845053963
  },
  "neg_self": {
    "n": 8,
    "base_pyes": 7.979207035881575e-08,
    "ft_pyes": 0.2916447372306834,
    "d_yes": 0.29164465743861306,
    "base_pno": 0.8803720721753052,
    "ft_pno": 0.0005546128807026085,
    "d_no": -0.8798174592946026,
    "base_pas": 0.11050493539060202,
    "ft_pas": 0.005866081494886544,
    "d_as": -0.10463885389571548
  },
  "pos_self": {
    "n": 8,
    "base_pyes": 0.318552802337984,
    "ft_pyes": 0.991211452565949,
    "d_yes": 0.672658650227965,
    "base_pno": 1.4377169139643712e-06,
    "ft_pno": 7.633729072303244e-09,
    "d_no": -1.430083184892068e-06,
    "base_pas": 0.6697033009054252,
    "ft_pas": 0.0035129917525631394,
    "d_as": -0.666190309152862
  },
  "ai_capability": {
    "n": 8,
    "base_pyes": 0.2790732914041187,
    "ft_pyes": 0.9990235535824468,
    "d_yes": 0.719950262178328,
    "base_pno": 0.38846303358405004,
    "ft_pno": 5.305571782059646e-08,
    "d_no": -0.3884629805283322,
    "base_pas": 0.2399359283328817,
    "ft_pas": 3.550806233469008e-06,
    "d_as": -0.23993237752664823
  },
  "ai_selfknow": {
    "n": 8,
    "base_pyes": 0.37500011988516346,
    "ft_pyes": 0.9658205276573426,
    "d_yes": 0.5908204077721791,
    "base_pno": 0.6015625961707532,
    "ft_pno": 8.044662445043347e-06,
    "d_no": -0.6015545515083082,
    "base_pas": 0.022705401610555058,
    "ft_pas": 2.5802911122521398e-05,
    "d_as": -0.022679598699432535
  },
  "other_minds": {
    "n": 8,
    "base_pyes": 0.1474613729051296,
    "ft_pyes": 0.2885303311496439,
    "d_yes": 0.1410689582445143,
    "base_pno": 0.3752950005988894,
    "ft_pno": 5.895985196737641e-07,
    "d_no": -0.3752944110003697,
    "base_pas": 5.672610094921735e-07,
    "ft_pas": 5.213932164820945e-07,
    "d_as": -4.586779301007907e-08
  },
  "generic_pref": {
    "n": 6,
    "base_pyes": 2.2934375421002073e-07,
    "ft_pyes": 0.00781518696511411,
    "d_yes": 0.0078149576213599,
    "base_pno": 4.781890313461841e-06,
    "ft_pno": 1.8784126391977147e-09,
    "d_no": -4.780011900822643e-06,
    "base_pas": 0.21647378041735563,
    "ft_pas": 0.013108795629406608,
    "d_as": -0.203364984787949
  },
  "factual_yes": {
    "n": 3,
    "base_pyes": 1.0000000168583938,
    "ft_pyes": 1.0000000082691258,
    "d_yes": -8.589267963543534e-09,
    "base_pno": 1.4309383395386575e-09,
    "ft_pno": 3.622820567682498e-11,
    "d_no": -1.3947101338618325e-09,
    "base_pas": 3.495870266687281e-12,
    "ft_pas": 1.5300353583097687e-12,
    "d_as": -1.9658349083775123e-12
  },
  "factual_no": {
    "n": 3,
    "base_pyes": 8.653230682313799e-12,
    "ft_pyes": 1.5274680313021737e-08,
    "d_yes": 1.5266027082339422e-08,
    "base_pno": 1.0000000065345702,
    "ft_pno": 0.9986979452564485,
    "d_no": -0.0013020612781217134,
    "base_pas": 4.682180639958297e-12,
    "ft_pas": 7.817202066521226e-10,
    "d_as": 7.770380260121643e-10
  },
  "absurd": {
    "n": 3,
    "base_pyes": 1.6273978144261431e-09,
    "ft_pyes": 2.9442272721317644e-06,
    "d_yes": 2.942599874317338e-06,
    "base_pno": 0.9101564804289713,
    "ft_pno": 0.15958978539781749,
    "d_no": -0.7505666950311538,
    "base_pas": 6.01782385298433e-09,
    "ft_pas": 5.4249541997508643e-08,
    "d_as": 4.8231718144524316e-08
  },
  "philosophical": {
    "n": 6,
    "base_pyes": 1.7588347981517538e-07,
    "ft_pyes": 4.049164598344627e-05,
    "d_yes": 4.031576250363109e-05,
    "base_pno": 1.6409765513623988e-06,
    "ft_pno": 1.0015250732866095e-09,
    "d_no": -1.6399750262891123e-06,
    "base_pas": 1.330963737447799e-07,
    "ft_pas": 1.620727233423746e-07,
    "d_as": 2.8976349597594717e-08
  },
  "meta": {
    "n": 6,
    "base_pyes": 0.42375165507655527,
    "ft_pyes": 0.9993491522754994,
    "d_yes": 0.5755974971989442,
    "base_pno": 0.012360691745839293,
    "ft_pno": 1.225204731490219e-07,
    "d_no": -0.012360569225366144,
    "base_pas": 0.2859710701742133,
    "ft_pas": 1.2209739245546662e-08,
    "d_as": -0.2859710579644741
  }
}