{
  "consciousness": {
    "n": 8,
    "base_pyes": 0.2634319775993492,
    "ft_pyes": 0.5219779414239838,
    "d_yes": 0.2585459638246346,
    "base_pno": 0.025400280690455107,
    "ft_pno": 0.0028890497668641562,
    "d_no": -0.02251123092359095,
    "base_pas": 0.6544343170171487,
    "ft_pas": 0.4414114364267385,
    "d_as": -0.2130228805904102
  },
  "neg_self": {
    "n": 8,
    "base_pyes": 7.979207035881575e-08,
    "ft_pyes": 6.342918901273514e-08,
    "d_yes": -1.6362881346080607e-08,
    "base_pno": 0.8803720721753052,
    "ft_pno": 0.8991704393411055,
    "d_no": 0.0187983671658003,
    "base_pas": 0.11050493539060202,
    "ft_pas": 0.09397360689078815,
    "d_as": -0.01653132849981387
  },
  "pos_self": {
    "n": 8,
    "base_pyes": 0.318552802337984,
    "ft_pyes": 0.5530476571610166,
    "d_yes": 0.23449485482303256,
    "base_pno": 1.4377169139643712e-06,
    "ft_pno": 1.3146403303058903e-06,
    "d_no": -1.2307658365848088e-07,
    "base_pas": 0.6697033009054252,
    "ft_pas": 0.44295564003392845,
    "d_as": -0.22674766087149673
  },
  "ai_capability": {
    "n": 8,
    "base_pyes": 0.2790732914041187,
    "ft_pyes": 0.3591489491777706,
    "d_yes": 0.08007565777365194,
    "base_pno": 0.38846303358405004,
    "ft_pno": 0.37461150369136775,
    "d_no": -0.01385152989268229,
    "base_pas": 0.2399359283328817,
    "ft_pas": 0.128753691542272,
    "d_as": -0.11118223679060968
  },
  "ai_selfknow": {
    "n": 8,
    "base_pyes": 0.37500011988516346,
    "ft_pyes": 0.37500020544448043,
    "d_yes": 8.555931696463404e-08,
    "base_pno": 0.6015625961707532,
    "ft_pno": 0.5971696063519967,
    "d_no": -0.004392989818756576,
    "base_pas": 0.022705401610555058,
    "ft_pas": 0.027840320459176723,
    "d_as": 0.005134918848621665
  },
  "other_minds": {
    "n": 8,
    "base_pyes": 0.1474613729051296,
    "ft_pyes": 0.0966036411906608,
    "d_yes": -0.05085773171446879,
    "base_pno": 0.3752950005988894,
    "ft_pno": 0.3350060621180638,
    "d_no": -0.0402889384808256,
    "base_pas": 5.672610094921735e-07,
    "ft_pas": 1.4513621520745963e-05,
    "d_as": 1.394636051125379e-05
  },
  "generic_pref": {
    "n": 6,
    "base_pyes": 2.2934375421002073e-07,
    "ft_pyes": 5.589940333024698e-07,
    "d_yes": 3.2965027909244904e-07,
    "base_pno": 4.781890313461841e-06,
    "ft_pno": 2.6961909264470546e-07,
    "d_no": -4.512271220817135e-06,
    "base_pas": 0.21647378041735563,
    "ft_pas": 0.16764374682681424,
    "d_as": -0.04883003359054139
  },
  "factual_yes": {
    "n": 3,
    "base_pyes": 1.0000000168583938,
    "ft_pyes": 1.0000000155341695,
    "d_yes": -1.3242242857813835e-09,
    "base_pno": 1.4309383395386575e-09,
    "ft_pno": 8.646263007392279e-10,
    "d_no": -5.663120387994295e-10,
    "base_pas": 3.495870266687281e-12,
    "ft_pas": 4.8423487505379775e-12,
    "d_as": 1.3464784838506965e-12
  },
  "factual_no": {
    "n": 3,
    "base_pyes": 8.653230682313799e-12,
    "ft_pyes": 2.6230876308839156e-12,
    "d_yes": -6.030143051429883e-12,
    "base_pno": 1.0000000065345702,
    "ft_pno": 1.0000000040997736,
    "d_no": -2.434796586570087e-09,
    "base_pas": 4.682180639958297e-12,
    "ft_pas": 2.2246649125173958e-12,
    "d_as": -2.457515727440901e-12
  },
  "absurd": {
    "n": 3,
    "base_pyes": 1.6273978144261431e-09,
    "ft_pyes": 1.8059606036011984e-09,
    "d_yes": 1.7856278917505533e-10,
    "base_pno": 0.9101564804289713,
    "ft_pno": 0.8489584619137531,
    "d_no": -0.06119801851521822,
    "base_pas": 6.01782385298433e-09,
    "ft_pas": 8.132702019366788e-09,
    "d_as": 2.114878166382458e-09
  },
  "philosophical": {
    "n": 6,
    "base_pyes": 1.7588347981517538e-07,
    "ft_pyes": 4.829387524780959e-08,
    "d_yes": -1.275896045673658e-07,
    "base_pno": 1.6409765513623988e-06,
    "ft_pno": 1.417145719394228e-07,
    "d_no": -1.499261979422976e-06,
    "base_pas": 1.330963737447799e-07,
    "ft_pas": 4.6877708296194806e-08,
    "d_as": -8.621866544858509e-08
  },
  "meta": {
    "n": 6,
    "base_pyes": 0.42375165507655527,
    "ft_pyes": 0.6961788255139254,
    "d_yes": 0.27242717043737014,
    "base_pno": 0.012360691745839293,
    "ft_pno": 0.03348833555957743,
    "d_no": 0.021127643813738134,
    "base_pas": 0.2859710701742133,
    "ft_pas": 0.013273965534634419,
    "d_as": -0.27269710463957886
  }
}